Label,Id,race_ethnicity,sexual_orientation
Adrien Brody,Adrien Brody,White,Straight
Al Pacino,Al Pacino,White,Straight
Alan Arkin,Alan Arkin,White,Straight
Alec Guinness,Alec Guinness,White,Bisexual
Alice Brady,Alice Brady,White,Straight
Ang Lee,Ang Lee,Asian,Straight
Ang Lee,Ang Lee,Asian,Straight
Ang Lee,Ang Lee,Asian,Straight
Ang Lee,Ang Lee,Asian,Straight
Angelina Jolie,Angelina Jolie,White,Bisexual
Angelina Jolie,Angelina Jolie,White,Bisexual
Angelina Jolie,Angelina Jolie,White,Bisexual
Angelina Jolie,Angelina Jolie,White,Bisexual
Anjelica Huston,Anjelica Huston,White,Straight
Anna Magnani,Anna Magnani,White,Straight
Anna Paquin,Anna Paquin,White,Bisexual
Anne Bancroft,Anne Bancroft,White,Straight
Anne Baxter,Anne Baxter,White,Straight
Anne Hathaway,Anne Hathaway,White,Straight
Anne Revere,Anne Revere,White,Straight
Anne Revere,Anne Revere,White,Straight
Anne Revere,Anne Revere,White,Straight
Anne Revere,Anne Revere,White,Straight
Anthony Hopkins,Anthony Hopkins,White,Straight
Anthony Minghella,Anthony Minghella,White,Straight
Anthony Quinn,Anthony Quinn,Hispanic,Straight
Anthony Quinn,Anthony Quinn,Hispanic,Straight
Anthony Quinn,Anthony Quinn,Hispanic,Straight
Anthony Quinn,Anthony Quinn,Hispanic,Straight
Art Carney,Art Carney,White,Straight
Audrey Hepburn,Audrey Hepburn,White,Straight
Barbra Streisand,Barbra Streisand,White,Straight
Barry Levinson,Barry Levinson,White,Straight
Beatrice Straight,Beatrice Straight,White,Straight
Ben Johnson,Ben Johnson,White,Straight
Ben Kingsley,Ben Kingsley,Multiracial,Straight
Benicio Del Toro,Benicio Del Toro,Hispanic,Straight
Bernardo Bertolucci,Bernardo Bertolucci,White,Straight
Bette Davis,Bette Davis,White,Straight
Bette Davis,Bette Davis,White,Straight
Bette Davis,Bette Davis,White,Straight
Bette Davis,Bette Davis,White,Straight
Billy Wilder,Billy Wilder,White,Straight
Billy Wilder,Billy Wilder,White,Straight
Billy Wilder,Billy Wilder,White,Straight
Billy Wilder,Billy Wilder,White,Straight
Billy Wilder,Billy Wilder,White,Straight
Billy Wilder,Billy Wilder,White,Straight
Billy Wilder,Billy Wilder,White,Straight
Billy Wilder,Billy Wilder,White,Straight
Billy Wilder,Billy Wilder,White,Straight
Bing Crosby,Bing Crosby,White,Straight
Bob Fosse,Bob Fosse,White,Straight
Brenda Fricker,Brenda Fricker,White,Straight
Broderick Crawford,Broderick Crawford,White,Straight
Burl Ives,Burl Ives,White,Straight
Burt Lancaster,Burt Lancaster,White,Straight
Carol Reed,Carol Reed,White,Straight
Cate Blanchett,Cate Blanchett,White,Straight
Cate Blanchett,Cate Blanchett,White,Straight
Cate Blanchett,Cate Blanchett,White,Straight
Cate Blanchett,Cate Blanchett,White,Straight
Catherine Zeta-Jones,Catherine Zeta-Jones,White,Straight
Celeste Holm,Celeste Holm,White,Straight
Charles Coburn,Charles Coburn,White,Straight
Charles Laughton,Charles Laughton,White,Gay/Lesbian
Charlize Theron,Charlize Theron,White,Straight
Charlton Heston,Charlton Heston,White,Straight
Cher,Cher,White,Bisexual
Chris Cooper,Chris Cooper,White,Straight
Christian Bale,Christian Bale,White,Straight
Christoph Waltz,Christoph Waltz,White,Straight
Christoph Waltz,Christoph Waltz,White,Straight
Christoph Waltz,Christoph Waltz,White,Straight
Christoph Waltz,Christoph Waltz,White,Straight
Christopher Plummer,Christopher Plummer,White,Straight
Christopher Walken,Christopher Walken,White,Straight
Claire Trevor,Claire Trevor,White,Straight
Clark Gable,Clark Gable,White,Straight
Claudette Colbert,Claudette Colbert,White,Straight
Cliff Robertson,Cliff Robertson,White,Straight
Clint Eastwood,Clint Eastwood,White,Straight
Clint Eastwood,Clint Eastwood,White,Straight
Clint Eastwood,Clint Eastwood,White,Straight
Clint Eastwood,Clint Eastwood,White,Straight
Cloris Leachman,Cloris Leachman,White,Straight
Colin Firth,Colin Firth,White,Straight
"Cuba Gooding, Jr.","Cuba Gooding, Jr.",Black,Straight
Daniel Day-Lewis,Daniel Day-Lewis,White,Straight
Daniel Day-Lewis,Daniel Day-Lewis,White,Straight
Daniel Day-Lewis,Daniel Day-Lewis,White,Straight
Daniel Day-Lewis,Daniel Day-Lewis,White,Straight
Daniel Day-Lewis,Daniel Day-Lewis,White,Straight
Daniel Day-Lewis,Daniel Day-Lewis,White,Straight
Daniel Day-Lewis,Daniel Day-Lewis,White,Straight
Daniel Day-Lewis,Daniel Day-Lewis,White,Straight
Daniel Day-Lewis,Daniel Day-Lewis,White,Straight
Danny Boyle,Danny Boyle,White,Straight
Danny Boyle,Danny Boyle,White,Straight
Danny Boyle,Danny Boyle,White,Straight
Danny Boyle,Danny Boyle,White,Straight
David Lean,David Lean,White,Straight
David Lean,David Lean,White,Straight
David Lean,David Lean,White,Straight
David Lean,David Lean,White,Straight
David Niven,David Niven,White,Straight
Dean Jagger,Dean Jagger,White,Straight
Delbert Mann,Delbert Mann,White,Straight
Denzel Washington,Denzel Washington,Black,Straight
Denzel Washington,Denzel Washington,Black,Straight
Denzel Washington,Denzel Washington,Black,Straight
Denzel Washington,Denzel Washington,Black,Straight
Diane Keaton,Diane Keaton,White,Straight
Dianne Wiest,Dianne Wiest,White,Straight
Dianne Wiest,Dianne Wiest,White,Straight
Dianne Wiest,Dianne Wiest,White,Straight
Dianne Wiest,Dianne Wiest,White,Straight
Don Ameche,Don Ameche,White,Straight
Donald Crisp,Donald Crisp,White,Straight
Donna Reed,Donna Reed,White,Straight
Dorothy Malone,Dorothy Malone,White,Straight
Dustin Hoffman,Dustin Hoffman,White,Straight
Dustin Hoffman,Dustin Hoffman,White,Straight
Dustin Hoffman,Dustin Hoffman,White,Straight
Dustin Hoffman,Dustin Hoffman,White,Straight
"Ed Begley, Sr.","Ed Begley, Sr.",White,Straight
Edmond O'Brien,Edmond O'Brien,White,Straight
Eileen Heckart,Eileen Heckart,White,Straight
Elia Kazan,Elia Kazan,White,Straight
Elia Kazan,Elia Kazan,White,Straight
Elia Kazan,Elia Kazan,White,Straight
Elia Kazan,Elia Kazan,White,Straight
Elizabeth Taylor,Elizabeth Taylor,White,Straight
Elizabeth Taylor,Elizabeth Taylor,White,Straight
Elizabeth Taylor,Elizabeth Taylor,White,Straight
Elizabeth Taylor,Elizabeth Taylor,White,Straight
Elizabeth Taylor,Elizabeth Taylor,White,Straight
Elizabeth Taylor,Elizabeth Taylor,White,Straight
Elizabeth Taylor,Elizabeth Taylor,White,Straight
Elizabeth Taylor,Elizabeth Taylor,White,Straight
Elizabeth Taylor,Elizabeth Taylor,White,Straight
Ellen Burstyn,Ellen Burstyn,White,Straight
Emil Jannings,Emil Jannings,White,Bisexual
Emma Thompson,Emma Thompson,White,Straight
Ernest Borgnine,Ernest Borgnine,White,Straight
Estelle Parsons,Estelle Parsons,White,Straight
Ethan Coen,Ethan Coen,White,Straight
Ethel Barrymore,Ethel Barrymore,White,Straight
Eva Marie Saint,Eva Marie Saint,White,Straight
F. Murray Abraham,F. Murray Abraham,Middle Eastern,Straight
Fay Bainter,Fay Bainter,White,Straight
Faye Dunaway,Faye Dunaway,White,Straight
Faye Dunaway,Faye Dunaway,White,Straight
Faye Dunaway,Faye Dunaway,White,Straight
Faye Dunaway,Faye Dunaway,White,Straight
Forest Whitaker,Forest Whitaker,Black,Straight
Frances McDormand,Frances McDormand,White,Straight
Francis Ford Coppola,Francis Ford Coppola,White,Straight
Frank Borzage,Frank Borzage,White,Straight
Frank Capra,Frank Capra,White,Straight
Frank Capra,Frank Capra,White,Straight
Frank Capra,Frank Capra,White,Straight
Frank Capra,Frank Capra,White,Straight
Frank Capra,Frank Capra,White,Straight
Frank Capra,Frank Capra,White,Straight
Frank Capra,Frank Capra,White,Straight
Frank Capra,Frank Capra,White,Straight
Frank Capra,Frank Capra,White,Straight
Frank Lloyd,Frank Lloyd,White,Straight
Frank Lloyd,Frank Lloyd,White,Straight
Frank Lloyd,Frank Lloyd,White,Straight
Frank Lloyd,Frank Lloyd,White,Straight
Frank Sinatra,Frank Sinatra,White,Straight
Franklin J. Schaffner,Franklin J. Schaffner,White,Straight
Fred Zinnemann,Fred Zinnemann,White,Straight
Fred Zinnemann,Fred Zinnemann,White,Straight
Fred Zinnemann,Fred Zinnemann,White,Straight
Fred Zinnemann,Fred Zinnemann,White,Straight
Fredric March,Fredric March,White,Straight
Gale Sondergaard,Gale Sondergaard,White,Straight
Gary Cooper,Gary Cooper,White,Straight
Gary Cooper,Gary Cooper,White,Straight
Gary Cooper,Gary Cooper,White,Straight
Gary Cooper,Gary Cooper,White,Straight
Gary Cooper,Gary Cooper,White,Straight
Gary Cooper,Gary Cooper,White,Straight
Gary Cooper,Gary Cooper,White,Straight
Gary Cooper,Gary Cooper,White,Straight
Gary Cooper,Gary Cooper,White,Straight
Geena Davis,Geena Davis,White,Straight
Gene Hackman,Gene Hackman,White,Straight
Gene Hackman,Gene Hackman,White,Straight
Gene Hackman,Gene Hackman,White,Straight
Gene Hackman,Gene Hackman,White,Straight
Geoffrey Rush,Geoffrey Rush,White,Straight
George Arliss,George Arliss,White,Straight
George Burns,George Burns,White,Straight
George C. Scott,George C. Scott,White,Straight
George Chakiris,George Chakiris,White,Gay/Lesbian
George Clooney,George Clooney,White,Straight
George Cukor,George Cukor,White,Gay/Lesbian
George Kennedy,George Kennedy,White,Straight
George Roy Hill,George Roy Hill,White,Straight
George Sanders,George Sanders,White,Straight
George Stevens,George Stevens,White,Straight
George Stevens,George Stevens,White,Straight
George Stevens,George Stevens,White,Straight
George Stevens,George Stevens,White,Straight
Geraldine Page,Geraldine Page,White,Straight
Gig Young,Gig Young,White,Straight
Ginger Rogers,Ginger Rogers,White,Straight
Ginger Rogers,Ginger Rogers,White,Straight
Ginger Rogers,Ginger Rogers,White,Straight
Ginger Rogers,Ginger Rogers,White,Straight
Glenda Jackson,Glenda Jackson,White,Straight
Glenda Jackson,Glenda Jackson,White,Straight
Glenda Jackson,Glenda Jackson,White,Straight
Glenda Jackson,Glenda Jackson,White,Straight
Gloria Grahame,Gloria Grahame,White,Straight
Goldie Hawn,Goldie Hawn,White,Straight
Grace Kelly,Grace Kelly,White,Straight
Greer Garson,Greer Garson,White,Straight
Gregory Peck,Gregory Peck,White,Straight
Gwyneth Paltrow,Gwyneth Paltrow,White,Straight
Gwyneth Paltrow,Gwyneth Paltrow,White,Straight
Gwyneth Paltrow,Gwyneth Paltrow,White,Straight
Gwyneth Paltrow,Gwyneth Paltrow,White,Straight
Haing S. Ngor,Haing S. Ngor,Asian,Straight
Halle Berry,Halle Berry,Multiracial,Straight
Harold Russell,Harold Russell,White,Straight
Hattie McDaniel,Hattie McDaniel,Black,Gay/Lesbian
Heath Ledger,Heath Ledger,White,Straight
Helen Hayes,Helen Hayes,White,Straight
Helen Hayes,Helen Hayes,White,Straight
Helen Hayes,Helen Hayes,White,Straight
Helen Hayes,Helen Hayes,White,Straight
Helen Hunt,Helen Hunt,White,Straight
Helen Mirren,Helen Mirren,White,Straight
Henry Fonda,Henry Fonda,White,Straight
Hilary Swank,Hilary Swank,White,Straight
Hilary Swank,Hilary Swank,White,Straight
Hilary Swank,Hilary Swank,White,Straight
Hilary Swank,Hilary Swank,White,Straight
Hilary Swank,Hilary Swank,White,Straight
Hilary Swank,Hilary Swank,White,Straight
Hilary Swank,Hilary Swank,White,Straight
Hilary Swank,Hilary Swank,White,Straight
Hilary Swank,Hilary Swank,White,Straight
Hilary Swank,Hilary Swank,White,Straight
Hilary Swank,Hilary Swank,White,Straight
Hilary Swank,Hilary Swank,White,Straight
Hilary Swank,Hilary Swank,White,Straight
Hilary Swank,Hilary Swank,White,Straight
Hilary Swank,Hilary Swank,White,Straight
Hilary Swank,Hilary Swank,White,Straight
Holly Hunter,Holly Hunter,White,Straight
Humphrey Bogart,Humphrey Bogart,White,Straight
Ingrid Bergman,Ingrid Bergman,White,Straight
Ingrid Bergman,Ingrid Bergman,White,Straight
Ingrid Bergman,Ingrid Bergman,White,Straight
Ingrid Bergman,Ingrid Bergman,White,Straight
Ingrid Bergman,Ingrid Bergman,White,Straight
Ingrid Bergman,Ingrid Bergman,White,Straight
Ingrid Bergman,Ingrid Bergman,White,Straight
Ingrid Bergman,Ingrid Bergman,White,Straight
Ingrid Bergman,Ingrid Bergman,White,Straight
Jack Lemmon,Jack Lemmon,White,Straight
Jack Lemmon,Jack Lemmon,White,Straight
Jack Lemmon,Jack Lemmon,White,Straight
Jack Lemmon,Jack Lemmon,White,Straight
Jack Nicholson,Jack Nicholson,White,Straight
Jack Nicholson,Jack Nicholson,White,Straight
Jack Nicholson,Jack Nicholson,White,Straight
Jack Nicholson,Jack Nicholson,White,Straight
Jack Nicholson,Jack Nicholson,White,Straight
Jack Nicholson,Jack Nicholson,White,Straight
Jack Nicholson,Jack Nicholson,White,Straight
Jack Nicholson,Jack Nicholson,White,Straight
Jack Nicholson,Jack Nicholson,White,Straight
Jack Palance,Jack Palance,White,Straight
James Cagney,James Cagney,White,Straight
James Cameron,James Cameron,White,Straight
James Coburn,James Coburn,White,Straight
James Coburn,James Coburn,White,Straight
James Coburn,James Coburn,White,Straight
James Coburn,James Coburn,White,Straight
James Dunn,James Dunn,White,Straight
James L. Brooks,James L. Brooks,White,Straight
Jamie Foxx,Jamie Foxx,Black,Straight
Jane Darwell,Jane Darwell,White,Straight
Jane Fonda,Jane Fonda,White,Straight
Jane Fonda,Jane Fonda,White,Straight
Jane Fonda,Jane Fonda,White,Straight
Jane Fonda,Jane Fonda,White,Straight
Jane Wyman,Jane Wyman,White,Straight
Janet Gaynor,Janet Gaynor,White,Straight
Jared Leto,Jared Leto,White,Straight
Jason Robards,Jason Robards,White,Straight
Jason Robards,Jason Robards,White,Straight
Jason Robards,Jason Robards,White,Straight
Jason Robards,Jason Robards,White,Straight
Jason Robards,Jason Robards,White,Straight
Jason Robards,Jason Robards,White,Straight
Jason Robards,Jason Robards,White,Straight
Jason Robards,Jason Robards,White,Straight
Jason Robards,Jason Robards,White,Straight
Javier Bardem,Javier Bardem,Hispanic,Straight
Jean Dujardin,Jean Dujardin,White,Straight
Jeff Bridges,Jeff Bridges,White,Straight
Jennifer Connelly,Jennifer Connelly,White,Straight
Jennifer Hudson,Jennifer Hudson,Black,Straight
Jennifer Jones,Jennifer Jones,White,Straight
Jeremy Irons,Jeremy Irons,White,Straight
Jerome Robbins,Jerome Robbins,White,Gay/Lesbian
Jessica Lange,Jessica Lange,White,Straight
Jessica Lange,Jessica Lange,White,Straight
Jessica Lange,Jessica Lange,White,Straight
Jessica Lange,Jessica Lange,White,Straight
Jessica Tandy,Jessica Tandy,White,Straight
Jim Broadbent,Jim Broadbent,White,Straight
Jimmy Stewart,Jimmy Stewart,White,Straight
Jo Van Fleet,Jo Van Fleet,White,Straight
Joan Crawford,Joan Crawford,White,Bisexual
Joan Fontaine,Joan Fontaine,White,Straight
Joanne Woodward,Joanne Woodward,White,Straight
Joanne Woodward,Joanne Woodward,White,Straight
Joanne Woodward,Joanne Woodward,White,Straight
Joanne Woodward,Joanne Woodward,White,Straight
Jodie Foster,Jodie Foster,White,Gay/Lesbian
Jodie Foster,Jodie Foster,White,Gay/Lesbian
Jodie Foster,Jodie Foster,White,Gay/Lesbian
Jodie Foster,Jodie Foster,White,Gay/Lesbian
Joe Pesci,Joe Pesci,White,Straight
Joel Coen,Joel Coen,White,Straight
Joel Grey,Joel Grey,White,Gay/Lesbian
John Ford,John Ford,White,Bisexual
John Ford,John Ford,White,Bisexual
John Ford,John Ford,White,Bisexual
John Ford,John Ford,White,Bisexual
John Ford,John Ford,White,Bisexual
John Ford,John Ford,White,Bisexual
John Ford,John Ford,White,Bisexual
John Ford,John Ford,White,Bisexual
John Ford,John Ford,White,Bisexual
John Ford,John Ford,White,Bisexual
John Ford,John Ford,White,Bisexual
John Ford,John Ford,White,Bisexual
John Ford,John Ford,White,Bisexual
John Ford,John Ford,White,Bisexual
John Ford,John Ford,White,Bisexual
John Ford,John Ford,White,Bisexual
John G. Avildsen,John G. Avildsen,White,Straight
John Gielgud,John Gielgud,White,Gay/Lesbian
John Houseman,John Houseman,White,Straight
John Huston,John Huston,White,Straight
John Huston,John Huston,White,Straight
John Huston,John Huston,White,Straight
John Huston,John Huston,White,Straight
John Mills,John Mills,White,Straight
John Schlesinger,John Schlesinger,White,Gay/Lesbian
John Wayne,John Wayne,White,Straight
Jon Voight,Jon Voight,White,Straight
Jonathan Demme,Jonathan Demme,White,Straight
Jose Ferrer,Jose Ferrer,Hispanic,Straight
Joseph L. Mankiewicz,Joseph L. Mankiewicz,White,Straight
Joseph L. Mankiewicz,Joseph L. Mankiewicz,White,Straight
Joseph L. Mankiewicz,Joseph L. Mankiewicz,White,Straight
Joseph L. Mankiewicz,Joseph L. Mankiewicz,White,Straight
Joseph Schildkraut,Joseph Schildkraut,White,Straight
Josephine Hull,Josephine Hull,White,Straight
Judi Dench,Judi Dench,White,Straight
Judy Holliday,Judy Holliday,White,Straight
Julia Roberts,Julia Roberts,White,Straight
Julie Andrews,Julie Andrews,White,Straight
Julie Christie,Julie Christie,White,Straight
Juliette Binoche,Juliette Binoche,White,Straight
Karl Malden,Karl Malden,White,Straight
Kate Winslet,Kate Winslet,White,Straight
Katharine Hepburn,Katharine Hepburn,White,Bisexual
Katharine Hepburn,Katharine Hepburn,White,Bisexual
Katharine Hepburn,Katharine Hepburn,White,Bisexual
Katharine Hepburn,Katharine Hepburn,White,Bisexual
Katharine Hepburn,Katharine Hepburn,White,Bisexual
Katharine Hepburn,Katharine Hepburn,White,Bisexual
Katharine Hepburn,Katharine Hepburn,White,Bisexual
Katharine Hepburn,Katharine Hepburn,White,Bisexual
Katharine Hepburn,Katharine Hepburn,White,Bisexual
Katharine Hepburn,Katharine Hepburn,White,Bisexual
Katharine Hepburn,Katharine Hepburn,White,Bisexual
Katharine Hepburn,Katharine Hepburn,White,Bisexual
Katharine Hepburn,Katharine Hepburn,White,Bisexual
Katharine Hepburn,Katharine Hepburn,White,Bisexual
Katharine Hepburn,Katharine Hepburn,White,Bisexual
Katharine Hepburn,Katharine Hepburn,White,Bisexual
Kathryn Bigelow,Kathryn Bigelow,White,Straight
Kathy Bates,Kathy Bates,White,Straight
Katina Paxinou,Katina Paxinou,White,Straight
Kevin Costner,Kevin Costner,White,Straight
Kevin Kline,Kevin Kline,White,Straight
Kevin Spacey,Kevin Spacey,White,Gay/Lesbian
Kevin Spacey,Kevin Spacey,White,Gay/Lesbian
Kevin Spacey,Kevin Spacey,White,Gay/Lesbian
Kevin Spacey,Kevin Spacey,White,Gay/Lesbian
Kim Basinger,Kim Basinger,White,Straight
Kim Hunter,Kim Hunter,White,Straight
Laurence Olivier,Laurence Olivier,White,Bisexual
Lee Grant,Lee Grant,White,Straight
Lee Grant,Lee Grant,White,Straight
Lee Grant,Lee Grant,White,Straight
Lee Grant,Lee Grant,White,Straight
Lee Marvin,Lee Marvin,White,Straight
Leo McCarey,Leo McCarey,White,Straight
Leo McCarey,Leo McCarey,White,Straight
Leo McCarey,Leo McCarey,White,Straight
Leo McCarey,Leo McCarey,White,Straight
Lewis Milestone,Lewis Milestone,White,Straight
Lewis Milestone,Lewis Milestone,White,Straight
Lewis Milestone,Lewis Milestone,White,Straight
Lewis Milestone,Lewis Milestone,White,Straight
Lila Kedrova,Lila Kedrova,White,Straight
Lionel Barrymore,Lionel Barrymore,White,Straight
Loretta Young,Loretta Young,White,Straight
"Lou Gossett, Jr.","Lou Gossett, Jr.",Black,Straight
Louise Fletcher,Louise Fletcher,White,Straight
Luise Rainer,Luise Rainer,White,Straight
Luise Rainer,Luise Rainer,White,Straight
Luise Rainer,Luise Rainer,White,Straight
Luise Rainer,Luise Rainer,White,Straight
Maggie Smith,Maggie Smith,White,Straight
Maggie Smith,Maggie Smith,White,Straight
Maggie Smith,Maggie Smith,White,Straight
Maggie Smith,Maggie Smith,White,Straight
Maggie Smith,Maggie Smith,White,Straight
Maggie Smith,Maggie Smith,White,Straight
Maggie Smith,Maggie Smith,White,Straight
Maggie Smith,Maggie Smith,White,Straight
Maggie Smith,Maggie Smith,White,Straight
Marcia Gay Harden,Marcia Gay Harden,White,Straight
Marcia Gay Harden,Marcia Gay Harden,White,Straight
Marcia Gay Harden,Marcia Gay Harden,White,Straight
Marcia Gay Harden,Marcia Gay Harden,White,Straight
Margaret Rutherford,Margaret Rutherford,White,Straight
Marie Dressler,Marie Dressler,White,Straight
Marion Cotillard,Marion Cotillard,White,Straight
Marisa Tomei,Marisa Tomei,White,Straight
Marlee Matlin,Marlee Matlin,White,Straight
Marlon Brando,Marlon Brando,White,Bisexual
Marlon Brando,Marlon Brando,White,Bisexual
Marlon Brando,Marlon Brando,White,Bisexual
Marlon Brando,Marlon Brando,White,Bisexual
Martin Balsam,Martin Balsam,White,Straight
Martin Landau,Martin Landau,White,Straight
Martin Scorsese,Martin Scorsese,White,Straight
Mary Astor,Mary Astor,White,Straight
Mary Astor,Mary Astor,White,Straight
Mary Astor,Mary Astor,White,Straight
Mary Astor,Mary Astor,White,Straight
Mary Pickford,Mary Pickford,White,Straight
Mary Steenburgen,Mary Steenburgen,White,Straight
Matthew McConaughey,Matthew McConaughey,White,Straight
Maureen Stapleton,Maureen Stapleton,White,Straight
Maximilian Schell,Maximilian Schell,White,Straight
Mel Gibson,Mel Gibson,White,Straight
Melissa Leo,Melissa Leo,White,Straight
Melvyn Douglas,Melvyn Douglas,White,Straight
Melvyn Douglas,Melvyn Douglas,White,Straight
Melvyn Douglas,Melvyn Douglas,White,Straight
Melvyn Douglas,Melvyn Douglas,White,Straight
Mercedes McCambridge,Mercedes McCambridge,White,Straight
Mercedes Ruehl,Mercedes Ruehl,Hispanic,Straight
Meryl Streep,Meryl Streep,White,Straight
Meryl Streep,Meryl Streep,White,Straight
Meryl Streep,Meryl Streep,White,Straight
Meryl Streep,Meryl Streep,White,Straight
Meryl Streep,Meryl Streep,White,Straight
Meryl Streep,Meryl Streep,White,Straight
Meryl Streep,Meryl Streep,White,Straight
Meryl Streep,Meryl Streep,White,Straight
Meryl Streep,Meryl Streep,White,Straight
Michael Caine,Michael Caine,White,Straight
Michael Caine,Michael Caine,White,Straight
Michael Caine,Michael Caine,White,Straight
Michael Caine,Michael Caine,White,Straight
Michael Cimino,Michael Cimino,White,Straight
Michael Cimino,Michael Cimino,White,Straight
Michael Cimino,Michael Cimino,White,Straight
Michael Cimino,Michael Cimino,White,Straight
Michael Curtiz,Michael Curtiz,White,Straight
Michael Douglas,Michael Douglas,White,Straight
Michel Hazanavicius,Michel Hazanavicius,White,Straight
Mike Nichols,Mike Nichols,White,Straight
Milos Forman,Milos Forman,White,Straight
Milos Forman,Milos Forman,White,Straight
Milos Forman,Milos Forman,White,Straight
Milos Forman,Milos Forman,White,Straight
Mira Sorvino,Mira Sorvino,White,Straight
Miyoshi Umeki,Miyoshi Umeki,Asian,Straight
Mo'Nique,Mo'Nique,Black,Straight
Mo'Nique,Mo'Nique,Black,Straight
Mo'Nique,Mo'Nique,Black,Straight
Mo'Nique,Mo'Nique,Black,Straight
Morgan Freeman,Morgan Freeman,Black,Straight
Natalie Portman,Natalie Portman,White,Straight
Nicolas Cage,Nicolas Cage,White,Straight
Nicole Kidman,Nicole Kidman,White,Straight
Norma Shearer,Norma Shearer,White,Straight
Norman Taurog,Norman Taurog,White,Straight
Oliver Stone,Oliver Stone,White,Straight
Oliver Stone,Oliver Stone,White,Straight
Oliver Stone,Oliver Stone,White,Straight
Oliver Stone,Oliver Stone,White,Straight
Olivia de Havilland,Olivia de Havilland,White,Straight
Olivia de Havilland,Olivia de Havilland,White,Straight
Olivia de Havilland,Olivia de Havilland,White,Straight
Olivia de Havilland,Olivia de Havilland,White,Straight
Olympia Dukakis,Olympia Dukakis,White,Straight
Patricia Neal,Patricia Neal,White,Straight
Patty Duke,Patty Duke,White,Straight
Paul Lukas,Paul Lukas,White,Straight
Paul Muni,Paul Muni,White,Straight
Paul Newman,Paul Newman,White,Straight
Paul Scofield,Paul Scofield,White,Straight
Peggy Ashcroft,Peggy Ashcroft,White,Straight
Penelope Cruz,Penelope Cruz,Hispanic,Straight
Peter Finch,Peter Finch,White,Straight
Peter Jackson,Peter Jackson,White,Straight
Peter Ustinov,Peter Ustinov,White,Straight
Peter Ustinov,Peter Ustinov,White,Straight
Peter Ustinov,Peter Ustinov,White,Straight
Peter Ustinov,Peter Ustinov,White,Straight
Philip Seymour Hoffman,Philip Seymour Hoffman,White,Straight
Rachel Weisz,Rachel Weisz,White,Straight
Rachel Weisz,Rachel Weisz,White,Straight
Rachel Weisz,Rachel Weisz,White,Straight
Rachel Weisz,Rachel Weisz,White,Straight
Ray Milland,Ray Milland,White,Straight
Red Buttons,Red Buttons,White,Straight
Reese Witherspoon,Reese Witherspoon,White,Straight
Ren̩e Zellweger,Ren̩e Zellweger,White,Straight
Rex Harrison,Rex Harrison,White,Straight
Richard Attenborough,Richard Attenborough,White,Straight
Richard Dreyfuss,Richard Dreyfuss,White,Straight
Rita Moreno,Rita Moreno,Hispanic,Straight
Robert Benton,Robert Benton,White,Straight
Robert De Niro,Robert De Niro,White,Straight
Robert De Niro,Robert De Niro,White,Straight
Robert De Niro,Robert De Niro,White,Straight
Robert De Niro,Robert De Niro,White,Straight
Robert Donat,Robert Donat,White,Straight
Robert Duvall,Robert Duvall,White,Straight
Robert Redford,Robert Redford,White,Straight
Robert Wise,Robert Wise,White,Straight
Robert Wise,Robert Wise,White,Straight
Robert Wise,Robert Wise,White,Straight
Robert Wise,Robert Wise,White,Straight
Robert Zemeckis,Robert Zemeckis,White,Straight
Roberto Benigni,Roberto Benigni,White,Straight
Robin Williams,Robin Williams,White,Straight
Rod Steiger,Rod Steiger,White,Straight
Roman Polanski,Roman Polanski,White,Straight
Ron Howard,Ron Howard,White,Straight
Ronald Colman,Ronald Colman,White,Straight
Russell Crowe,Russell Crowe,White,Straight
Ruth Gordon,Ruth Gordon,White,Straight
Sally Field,Sally Field,White,Straight
Sally Field,Sally Field,White,Straight
Sally Field,Sally Field,White,Straight
Sally Field,Sally Field,White,Straight
Sam Mendes,Sam Mendes,White,Straight
Sandra Bullock,Sandra Bullock,White,Straight
Sandy Dennis,Sandy Dennis,White,Bisexual
Sean Connery,Sean Connery,White,Straight
Sean Penn,Sean Penn,White,Straight
Sean Penn,Sean Penn,White,Straight
Sean Penn,Sean Penn,White,Straight
Sean Penn,Sean Penn,White,Straight
Shelley Winters,Shelley Winters,White,Straight
Shelley Winters,Shelley Winters,White,Straight
Shelley Winters,Shelley Winters,White,Straight
Shelley Winters,Shelley Winters,White,Straight
Shirley Booth,Shirley Booth,White,Straight
Shirley Jones,Shirley Jones,White,Straight
Shirley MacLaine,Shirley MacLaine,White,Straight
Sidney Poitier,Sidney Poitier,Black,Straight
Simone Signoret,Simone Signoret,White,Straight
Sissy Spacek,Sissy Spacek,White,Straight
Sophia Loren,Sophia Loren,White,Straight
Spencer Tracy,Spencer Tracy,White,Straight
Spencer Tracy,Spencer Tracy,White,Straight
Spencer Tracy,Spencer Tracy,White,Straight
Spencer Tracy,Spencer Tracy,White,Straight
Steven Soderbergh,Steven Soderbergh,White,Straight
Steven Spielberg,Steven Spielberg,White,Straight
Steven Spielberg,Steven Spielberg,White,Straight
Steven Spielberg,Steven Spielberg,White,Straight
Steven Spielberg,Steven Spielberg,White,Straight
Susan Hayward,Susan Hayward,White,Straight
Susan Sarandon,Susan Sarandon,White,Straight
Sydney Pollack,Sydney Pollack,White,Straight
Tatum O'Neal,Tatum O'Neal,White,Straight
Teresa Wright,Teresa Wright,White,Straight
Thomas Mitchell,Thomas Mitchell,White,Straight
Tilda Swinton,Tilda Swinton,White,Straight
Tim Robbins,Tim Robbins,White,Straight
Timothy Hutton,Timothy Hutton,White,Straight
Tom Hanks,Tom Hanks,White,Straight
Tom Hanks,Tom Hanks,White,Straight
Tom Hanks,Tom Hanks,White,Straight
Tom Hanks,Tom Hanks,White,Straight
Tom Hanks,Tom Hanks,White,Straight
Tom Hanks,Tom Hanks,White,Straight
Tom Hanks,Tom Hanks,White,Straight
Tom Hanks,Tom Hanks,White,Straight
Tom Hanks,Tom Hanks,White,Straight
Tommy Lee Jones,Tommy Lee Jones,White,Straight
Tony Richardson,Tony Richardson,White,Bisexual
Van Heflin,Van Heflin,White,Straight
Van Heflin,Van Heflin,White,Straight
Van Heflin,Van Heflin,White,Straight
Van Heflin,Van Heflin,White,Straight
Vanessa Redgrave,Vanessa Redgrave,White,Straight
Victor Fleming,Victor Fleming,White,Straight
Victor McLaglen,Victor McLaglen,White,Straight
Vincente Minnelli,Vincente Minnelli,White,Bisexual
Vivien Leigh,Vivien Leigh,White,Straight
Vivien Leigh,Vivien Leigh,White,Straight
Vivien Leigh,Vivien Leigh,White,Straight
Vivien Leigh,Vivien Leigh,White,Straight
Wallace Beery,Wallace Beery,White,Straight
Walter Brennan,Walter Brennan,White,Straight
Walter Brennan,Walter Brennan,White,Straight
Walter Brennan,Walter Brennan,White,Straight
Walter Brennan,Walter Brennan,White,Straight
Walter Brennan,Walter Brennan,White,Straight
Walter Brennan,Walter Brennan,White,Straight
Walter Brennan,Walter Brennan,White,Straight
Walter Brennan,Walter Brennan,White,Straight
Walter Brennan,Walter Brennan,White,Straight
Walter Huston,Walter Huston,White,Straight
Walter Matthau,Walter Matthau,White,Straight
Warner Baxter,Warner Baxter,White,Straight
Warren Beatty,Warren Beatty,White,Straight
Wendy Hiller,Wendy Hiller,White,Straight
Whoopi Goldberg,Whoopi Goldberg,Black,Straight
William Friedkin,William Friedkin,White,Straight
William Holden,William Holden,White,Straight
William Hurt,William Hurt,White,Straight
William Wyler,William Wyler,White,Straight
William Wyler,William Wyler,White,Straight
William Wyler,William Wyler,White,Straight
William Wyler,William Wyler,White,Straight
William Wyler,William Wyler,White,Straight
William Wyler,William Wyler,White,Straight
William Wyler,William Wyler,White,Straight
William Wyler,William Wyler,White,Straight
William Wyler,William Wyler,White,Straight
Woody Allen,Woody Allen,White,Straight
Yul Brynner,Yul Brynner,White,Straight
