Label,Id,category
Abigail Breslin,Abigail Breslin,ACTRESS IN A SUPPORTING ROLE
Adam Driver,Adam Driver,ACTOR IN A SUPPORTING ROLE
Adam Driver,Adam Driver,ACTOR
Adam McKay,Adam McKay,DIRECTING
Adam McKay,Adam McKay,DIRECTING
Adolph Caesar,Adolph Caesar,ACTOR IN A SUPPORTING ROLE
Adolphe Menjou,Adolphe Menjou,ACTOR
Adrian Lyne,Adrian Lyne,DIRECTING
Adriana Barraza,Adriana Barraza,ACTRESS IN A SUPPORTING ROLE
Adrien Brody,Adrien Brody,ACTOR
Agnes Moorehead,Agnes Moorehead,ACTRESS IN A SUPPORTING ROLE
Agnes Moorehead,Agnes Moorehead,ACTRESS IN A SUPPORTING ROLE
Agnes Moorehead,Agnes Moorehead,ACTRESS IN A SUPPORTING ROLE
Agnes Moorehead,Agnes Moorehead,ACTRESS IN A SUPPORTING ROLE
Akim Tamiroff,Akim Tamiroff,ACTOR IN A SUPPORTING ROLE
Akim Tamiroff,Akim Tamiroff,ACTOR IN A SUPPORTING ROLE
Akira Kurosawa,Akira Kurosawa,DIRECTING
Al Pacino,Al Pacino,ACTOR
Al Pacino,Al Pacino,ACTOR IN A SUPPORTING ROLE
Al Pacino,Al Pacino,ACTOR
Al Pacino,Al Pacino,ACTOR IN A SUPPORTING ROLE
Al Pacino,Al Pacino,ACTOR IN A SUPPORTING ROLE
Al Pacino,Al Pacino,ACTOR
Al Pacino,Al Pacino,ACTOR IN A SUPPORTING ROLE
Al Pacino,Al Pacino,ACTOR
Al Pacino,Al Pacino,ACTOR
Alan Alda,Alan Alda,ACTOR IN A SUPPORTING ROLE
Alan Arkin,Alan Arkin,ACTOR
Alan Arkin,Alan Arkin,ACTOR IN A SUPPORTING ROLE
Alan Arkin,Alan Arkin,ACTOR
Alan Arkin,Alan Arkin,ACTOR IN A SUPPORTING ROLE
Alan Bates,Alan Bates,ACTOR
Alan J. Pakula,Alan J. Pakula,DIRECTING
Alan Parker,Alan Parker,DIRECTING
Alan Parker,Alan Parker,DIRECTING
Albert Basserman,Albert Basserman,ACTOR IN A SUPPORTING ROLE
Albert Brooks,Albert Brooks,ACTOR IN A SUPPORTING ROLE
Albert Finney,Albert Finney,ACTOR
Albert Finney,Albert Finney,ACTOR IN A SUPPORTING ROLE
Albert Finney,Albert Finney,ACTOR
Albert Finney,Albert Finney,ACTOR
Albert Finney,Albert Finney,ACTOR
Alec Baldwin,Alec Baldwin,ACTOR IN A SUPPORTING ROLE
Alec Guinness,Alec Guinness,ACTOR IN A SUPPORTING ROLE
Alec Guinness,Alec Guinness,ACTOR
Alec Guinness,Alec Guinness,ACTOR IN A SUPPORTING ROLE
Alec Guinness,Alec Guinness,ACTOR
Alejandro G. Iñárritu,Alejandro G. Iñárritu,DIRECTING
Alejandro G. Iñárritu,Alejandro G. Iñárritu,DIRECTING
Alejandro González Iñárritu,Alejandro González Iñárritu,DIRECTING
Alexander Hall,Alexander Hall,DIRECTING
Alexander Knox,Alexander Knox,ACTOR
Alexander Payne,Alexander Payne,DIRECTING
Alexander Payne,Alexander Payne,DIRECTING
Alexander Payne,Alexander Payne,DIRECTING
Alfonso Cuarón,Alfonso Cuarón,DIRECTING
Alfonso Cuarón,Alfonso Cuarón,DIRECTING
Alfre Woodard,Alfre Woodard,ACTRESS IN A SUPPORTING ROLE
Alfred Hitchcock,Alfred Hitchcock,DIRECTING
Alfred Hitchcock,Alfred Hitchcock,DIRECTING
Alfred Hitchcock,Alfred Hitchcock,DIRECTING
Alfred Hitchcock,Alfred Hitchcock,DIRECTING
Alfred Hitchcock,Alfred Hitchcock,DIRECTING
Alfred Lunt,Alfred Lunt,ACTOR
Ali MacGraw,Ali MacGraw,ACTRESS
Alice Brady,Alice Brady,ACTRESS IN A SUPPORTING ROLE
Alice Brady,Alice Brady,ACTRESS IN A SUPPORTING ROLE
Alicia Vikander,Alicia Vikander,ACTRESS IN A SUPPORTING ROLE
Aline MacMahon,Aline MacMahon,ACTRESS IN A SUPPORTING ROLE
Allison Janney,Allison Janney,ACTRESS IN A SUPPORTING ROLE
Amy Adams,Amy Adams,ACTRESS
Amy Adams,Amy Adams,ACTRESS IN A SUPPORTING ROLE
Amy Adams,Amy Adams,ACTRESS IN A SUPPORTING ROLE
Amy Adams,Amy Adams,ACTRESS IN A SUPPORTING ROLE
Amy Adams,Amy Adams,ACTRESS IN A SUPPORTING ROLE
Amy Adams,Amy Adams,ACTRESS IN A SUPPORTING ROLE
Amy Irving,Amy Irving,ACTRESS IN A SUPPORTING ROLE
Amy Madigan,Amy Madigan,ACTRESS IN A SUPPORTING ROLE
Amy Ryan,Amy Ryan,ACTRESS IN A SUPPORTING ROLE
Anatole Litvak,Anatole Litvak,DIRECTING
Andrea Leeds,Andrea Leeds,ACTRESS IN A SUPPORTING ROLE
Andrew Garfield,Andrew Garfield,ACTOR
Andy Garcia,Andy Garcia,ACTOR IN A SUPPORTING ROLE
Ang Lee,Ang Lee,DIRECTING
Ang Lee,Ang Lee,DIRECTING
Ang Lee,Ang Lee,DIRECTING
Angela Bassett,Angela Bassett,ACTRESS
Angela Lansbury,Angela Lansbury,ACTRESS IN A SUPPORTING ROLE
Angela Lansbury,Angela Lansbury,ACTRESS IN A SUPPORTING ROLE
Angela Lansbury,Angela Lansbury,ACTRESS IN A SUPPORTING ROLE
Angelina Jolie,Angelina Jolie,ACTRESS
Angelina Jolie,Angelina Jolie,ACTRESS IN A SUPPORTING ROLE
Anjelica Huston,Anjelica Huston,ACTRESS IN A SUPPORTING ROLE
Anjelica Huston,Anjelica Huston,ACTRESS
Anjelica Huston,Anjelica Huston,ACTRESS IN A SUPPORTING ROLE
Ann Blyth,Ann Blyth,ACTRESS IN A SUPPORTING ROLE
Ann Harding,Ann Harding,ACTRESS
Ann Sothern,Ann Sothern,ACTRESS IN A SUPPORTING ROLE
Ann-Margret,Ann-Margret,ACTRESS IN A SUPPORTING ROLE
Ann-Margret,Ann-Margret,ACTRESS
Anna Kendrick,Anna Kendrick,ACTRESS IN A SUPPORTING ROLE
Anna Magnani,Anna Magnani,ACTRESS
Anna Magnani,Anna Magnani,ACTRESS
Anna Paquin,Anna Paquin,ACTRESS IN A SUPPORTING ROLE
Anne Archer,Anne Archer,ACTRESS IN A SUPPORTING ROLE
Anne Bancroft,Anne Bancroft,ACTRESS
Anne Bancroft,Anne Bancroft,ACTRESS
Anne Bancroft,Anne Bancroft,ACTRESS
Anne Bancroft,Anne Bancroft,ACTRESS
Anne Bancroft,Anne Bancroft,ACTRESS
Anne Baxter,Anne Baxter,ACTRESS IN A SUPPORTING ROLE
Anne Baxter,Anne Baxter,ACTRESS
Anne Hathaway,Anne Hathaway,ACTRESS IN A SUPPORTING ROLE
Anne Hathaway,Anne Hathaway,ACTRESS
Anne Ramsey,Anne Ramsey,ACTRESS IN A SUPPORTING ROLE
Anne Revere,Anne Revere,ACTRESS IN A SUPPORTING ROLE
Anne Revere,Anne Revere,ACTRESS IN A SUPPORTING ROLE
Anne Revere,Anne Revere,ACTRESS IN A SUPPORTING ROLE
Anne Shirley,Anne Shirley,ACTRESS IN A SUPPORTING ROLE
Annette Bening,Annette Bening,ACTRESS IN A SUPPORTING ROLE
Annette Bening,Annette Bening,ACTRESS
Annette Bening,Annette Bening,ACTRESS
Annette Bening,Annette Bening,ACTRESS
Anouk Aimee,Anouk Aimee,ACTRESS
Anthony Franciosa,Anthony Franciosa,ACTOR
Anthony Harvey,Anthony Harvey,DIRECTING
Anthony Hopkins,Anthony Hopkins,ACTOR
Anthony Hopkins,Anthony Hopkins,ACTOR
Anthony Hopkins,Anthony Hopkins,ACTOR
Anthony Hopkins,Anthony Hopkins,ACTOR IN A SUPPORTING ROLE
Anthony Hopkins,Anthony Hopkins,ACTOR IN A SUPPORTING ROLE
Anthony Minghella,Anthony Minghella,DIRECTING
Anthony Perkins,Anthony Perkins,ACTOR IN A SUPPORTING ROLE
Anthony Quayle,Anthony Quayle,ACTOR IN A SUPPORTING ROLE
Anthony Quinn,Anthony Quinn,ACTOR
Anthony Quinn,Anthony Quinn,ACTOR IN A SUPPORTING ROLE
Anthony Quinn,Anthony Quinn,ACTOR
Anthony Quinn,Anthony Quinn,ACTOR IN A SUPPORTING ROLE
Antonio Banderas,Antonio Banderas,ACTOR
Armin Mueller-Stahl,Armin Mueller-Stahl,ACTOR IN A SUPPORTING ROLE
Art Carney,Art Carney,ACTOR
Arthur Hiller,Arthur Hiller,DIRECTING
Arthur Hunnicutt,Arthur Hunnicutt,ACTOR IN A SUPPORTING ROLE
Arthur Kennedy,Arthur Kennedy,ACTOR IN A SUPPORTING ROLE
Arthur Kennedy,Arthur Kennedy,ACTOR IN A SUPPORTING ROLE
Arthur Kennedy,Arthur Kennedy,ACTOR IN A SUPPORTING ROLE
Arthur Kennedy,Arthur Kennedy,ACTOR
Arthur Kennedy,Arthur Kennedy,ACTOR IN A SUPPORTING ROLE
Arthur O'Connell,Arthur O'Connell,ACTOR IN A SUPPORTING ROLE
Arthur O'Connell,Arthur O'Connell,ACTOR IN A SUPPORTING ROLE
Arthur Penn,Arthur Penn,DIRECTING
Arthur Penn,Arthur Penn,DIRECTING
Arthur Penn,Arthur Penn,DIRECTING
Atom Egoyan,Atom Egoyan,DIRECTING
Audrey Hepburn,Audrey Hepburn,ACTRESS
Audrey Hepburn,Audrey Hepburn,ACTRESS
Audrey Hepburn,Audrey Hepburn,ACTRESS
Audrey Hepburn,Audrey Hepburn,ACTRESS
Audrey Hepburn,Audrey Hepburn,ACTRESS
Ava Gardner,Ava Gardner,ACTRESS
Barbara Barrie,Barbara Barrie,ACTRESS IN A SUPPORTING ROLE
Barbara Bel Geddes,Barbara Bel Geddes,ACTRESS IN A SUPPORTING ROLE
Barbara Harris,Barbara Harris,ACTRESS IN A SUPPORTING ROLE
Barbara Hershey,Barbara Hershey,ACTRESS IN A SUPPORTING ROLE
Barbara O'Neil,Barbara O'Neil,ACTRESS IN A SUPPORTING ROLE
Barbara Stanwyck,Barbara Stanwyck,ACTRESS
Barbara Stanwyck,Barbara Stanwyck,ACTRESS
Barbara Stanwyck,Barbara Stanwyck,ACTRESS
Barbara Stanwyck,Barbara Stanwyck,ACTRESS
Barbet Schroeder,Barbet Schroeder,DIRECTING
Barbra Streisand,Barbra Streisand,ACTRESS
Barbra Streisand,Barbra Streisand,ACTRESS
Barkhad Abdi,Barkhad Abdi,ACTOR IN A SUPPORTING ROLE
Barry Fitzgerald,Barry Fitzgerald,ACTOR
Barry Fitzgerald,Barry Fitzgerald,ACTOR IN A SUPPORTING ROLE
Barry Jenkins,Barry Jenkins,DIRECTING
Barry Levinson,Barry Levinson,DIRECTING
Barry Levinson,Barry Levinson,DIRECTING
Basil Rathbone,Basil Rathbone,ACTOR IN A SUPPORTING ROLE
Basil Rathbone,Basil Rathbone,ACTOR IN A SUPPORTING ROLE
Beah Richards,Beah Richards,ACTRESS IN A SUPPORTING ROLE
Beatrice Straight,Beatrice Straight,ACTRESS IN A SUPPORTING ROLE
Ben Johnson,Ben Johnson,ACTOR IN A SUPPORTING ROLE
Ben Kingsley,Ben Kingsley,ACTOR IN A SUPPORTING ROLE
Ben Kingsley,Ben Kingsley,ACTOR
Ben Kingsley,Ben Kingsley,ACTOR
Ben Kingsley,Ben Kingsley,ACTOR IN A SUPPORTING ROLE
Benedict Cumberbatch,Benedict Cumberbatch,ACTOR
Benh Zeitlin,Benh Zeitlin,DIRECTING
Benicio Del Toro,Benicio Del Toro,ACTOR IN A SUPPORTING ROLE
Benicio Del Toro,Benicio Del Toro,ACTOR IN A SUPPORTING ROLE
Bennett Miller,Bennett Miller,DIRECTING
Bennett Miller,Bennett Miller,DIRECTING
Bernardo Bertolucci,Bernardo Bertolucci,DIRECTING
Bernardo Bertolucci,Bernardo Bertolucci,DIRECTING
Bessie Love,Bessie Love,ACTRESS
Betsy Blair,Betsy Blair,ACTRESS IN A SUPPORTING ROLE
Bette Davis,Bette Davis,ACTRESS
Bette Davis,Bette Davis,ACTRESS
Bette Davis,Bette Davis,ACTRESS
Bette Davis,Bette Davis,ACTRESS
Bette Davis,Bette Davis,ACTRESS
Bette Davis,Bette Davis,ACTRESS
Bette Davis,Bette Davis,ACTRESS
Bette Davis,Bette Davis,ACTRESS
Bette Davis,Bette Davis,ACTRESS
Bette Davis,Bette Davis,ACTRESS
Bette Davis,Bette Davis,ACTRESS
Bette Midler,Bette Midler,ACTRESS
Bette Midler,Bette Midler,ACTRESS
Betty Compson,Betty Compson,ACTRESS
Beulah Bondi,Beulah Bondi,ACTRESS IN A SUPPORTING ROLE
Beulah Bondi,Beulah Bondi,ACTRESS IN A SUPPORTING ROLE
Bill Murray,Bill Murray,ACTOR
Billie Burke,Billie Burke,ACTRESS IN A SUPPORTING ROLE
Billy Bob Thornton,Billy Bob Thornton,ACTOR
Billy Bob Thornton,Billy Bob Thornton,ACTOR IN A SUPPORTING ROLE
Billy Wilder,Billy Wilder,DIRECTING
Billy Wilder,Billy Wilder,DIRECTING
Billy Wilder,Billy Wilder,DIRECTING
Billy Wilder,Billy Wilder,DIRECTING
Billy Wilder,Billy Wilder,DIRECTING
Billy Wilder,Billy Wilder,DIRECTING
Billy Wilder,Billy Wilder,DIRECTING
Billy Wilder,Billy Wilder,DIRECTING
Bing Crosby,Bing Crosby,ACTOR
Bing Crosby,Bing Crosby,ACTOR
Bing Crosby,Bing Crosby,ACTOR
Bob Fosse,Bob Fosse,DIRECTING
Bob Fosse,Bob Fosse,DIRECTING
Bob Fosse,Bob Fosse,DIRECTING
Bob Hoskins,Bob Hoskins,ACTOR
Bobby Darin,Bobby Darin,ACTOR IN A SUPPORTING ROLE
Bong Joon Ho,Bong Joon Ho,DIRECTING
Bonita Granville,Bonita Granville,ACTRESS IN A SUPPORTING ROLE
Brad Dourif,Brad Dourif,ACTOR IN A SUPPORTING ROLE
Brad Pitt,Brad Pitt,ACTOR
Brad Pitt,Brad Pitt,ACTOR IN A SUPPORTING ROLE
Brad Pitt,Brad Pitt,ACTOR
Brad Pitt,Brad Pitt,ACTOR IN A SUPPORTING ROLE
Bradley Cooper,Bradley Cooper,ACTOR
Bradley Cooper,Bradley Cooper,ACTOR
Bradley Cooper,Bradley Cooper,ACTOR IN A SUPPORTING ROLE
Bradley Cooper,Bradley Cooper,ACTOR
Brandon De Wilde,Brandon De Wilde,ACTOR IN A SUPPORTING ROLE
Brenda Blethyn,Brenda Blethyn,ACTRESS IN A SUPPORTING ROLE
Brenda Blethyn,Brenda Blethyn,ACTRESS
Brenda Fricker,Brenda Fricker,ACTRESS IN A SUPPORTING ROLE
Brenda Vaccaro,Brenda Vaccaro,ACTRESS IN A SUPPORTING ROLE
Brian Aherne,Brian Aherne,ACTOR IN A SUPPORTING ROLE
Brian Donlevy,Brian Donlevy,ACTOR IN A SUPPORTING ROLE
Brie Larson,Brie Larson,ACTRESS
Broderick Crawford,Broderick Crawford,ACTOR
Bruce Beresford,Bruce Beresford,DIRECTING
Bruce Davison,Bruce Davison,ACTOR IN A SUPPORTING ROLE
Bruce Dern,Bruce Dern,ACTOR IN A SUPPORTING ROLE
Bruce Dern,Bruce Dern,ACTOR
Bryan Cranston,Bryan Cranston,ACTOR
Burgess Meredith,Burgess Meredith,ACTOR IN A SUPPORTING ROLE
Burgess Meredith,Burgess Meredith,ACTOR IN A SUPPORTING ROLE
Burl Ives,Burl Ives,ACTOR IN A SUPPORTING ROLE
Burt Lancaster,Burt Lancaster,ACTOR
Burt Lancaster,Burt Lancaster,ACTOR
Burt Lancaster,Burt Lancaster,ACTOR
Burt Lancaster,Burt Lancaster,ACTOR
Burt Reynolds,Burt Reynolds,ACTOR IN A SUPPORTING ROLE
Burt Young,Burt Young,ACTOR IN A SUPPORTING ROLE
Bérénice Bejo,Bérénice Bejo,ACTRESS IN A SUPPORTING ROLE
Candice Bergen,Candice Bergen,ACTRESS IN A SUPPORTING ROLE
Candy Clark,Candy Clark,ACTRESS IN A SUPPORTING ROLE
Cara Williams,Cara Williams,ACTRESS IN A SUPPORTING ROLE
Carey Mulligan,Carey Mulligan,ACTRESS
Carol Channing,Carol Channing,ACTRESS IN A SUPPORTING ROLE
Carol Kane,Carol Kane,ACTRESS
Carol Reed,Carol Reed,DIRECTING
Carol Reed,Carol Reed,DIRECTING
Carol Reed,Carol Reed,DIRECTING
Carole Lombard,Carole Lombard,ACTRESS
Carolyn Jones,Carolyn Jones,ACTRESS IN A SUPPORTING ROLE
Carrie Snodgress,Carrie Snodgress,ACTRESS
Carroll Baker,Carroll Baker,ACTRESS
Cary Grant,Cary Grant,ACTOR
Cary Grant,Cary Grant,ACTOR
Casey Affleck,Casey Affleck,ACTOR IN A SUPPORTING ROLE
Casey Affleck,Casey Affleck,ACTOR
Catalina Sandino Moreno,Catalina Sandino Moreno,ACTRESS
Cate Blanchett,Cate Blanchett,ACTRESS
Cate Blanchett,Cate Blanchett,ACTRESS IN A SUPPORTING ROLE
Cate Blanchett,Cate Blanchett,ACTRESS
Cate Blanchett,Cate Blanchett,ACTRESS IN A SUPPORTING ROLE
Cate Blanchett,Cate Blanchett,ACTRESS IN A SUPPORTING ROLE
Cate Blanchett,Cate Blanchett,ACTRESS
Cate Blanchett,Cate Blanchett,ACTRESS
Catherine Burns,Catherine Burns,ACTRESS IN A SUPPORTING ROLE
Catherine Deneuve,Catherine Deneuve,ACTRESS
Catherine Keener,Catherine Keener,ACTRESS IN A SUPPORTING ROLE
Catherine Keener,Catherine Keener,ACTRESS IN A SUPPORTING ROLE
Catherine Zeta-Jones,Catherine Zeta-Jones,ACTRESS IN A SUPPORTING ROLE
Cathy Moriarty,Cathy Moriarty,ACTRESS IN A SUPPORTING ROLE
Cecil B. DeMille,Cecil B. DeMille,DIRECTING
Cecil Kellaway,Cecil Kellaway,ACTOR IN A SUPPORTING ROLE
Cecil Kellaway,Cecil Kellaway,ACTOR IN A SUPPORTING ROLE
Celeste Holm,Celeste Holm,ACTRESS IN A SUPPORTING ROLE
Celeste Holm,Celeste Holm,ACTRESS IN A SUPPORTING ROLE
Celeste Holm,Celeste Holm,ACTRESS IN A SUPPORTING ROLE
Celia Johnson,Celia Johnson,ACTRESS
Charles Bickford,Charles Bickford,ACTOR IN A SUPPORTING ROLE
Charles Bickford,Charles Bickford,ACTOR IN A SUPPORTING ROLE
Charles Bickford,Charles Bickford,ACTOR IN A SUPPORTING ROLE
Charles Boyer,Charles Boyer,ACTOR
Charles Boyer,Charles Boyer,ACTOR
Charles Boyer,Charles Boyer,ACTOR
Charles Boyer,Charles Boyer,ACTOR
Charles Chaplin,Charles Chaplin,ACTOR
Charles Coburn,Charles Coburn,ACTOR IN A SUPPORTING ROLE
Charles Coburn,Charles Coburn,ACTOR IN A SUPPORTING ROLE
Charles Coburn,Charles Coburn,ACTOR IN A SUPPORTING ROLE
Charles Crichton,Charles Crichton,DIRECTING
Charles Durning,Charles Durning,ACTOR IN A SUPPORTING ROLE
Charles Durning,Charles Durning,ACTOR IN A SUPPORTING ROLE
Charles Laughton,Charles Laughton,ACTOR
Charles Laughton,Charles Laughton,ACTOR
Charles Laughton,Charles Laughton,ACTOR
Charles Walters,Charles Walters,DIRECTING
Charlize Theron,Charlize Theron,ACTRESS
Charlize Theron,Charlize Theron,ACTRESS
Charlize Theron,Charlize Theron,ACTRESS
Charlotte Rampling,Charlotte Rampling,ACTRESS
Charlton Heston,Charlton Heston,ACTOR
Chazz Palminteri,Chazz Palminteri,ACTOR IN A SUPPORTING ROLE
Cher,Cher,ACTRESS
Cher,Cher,ACTRESS IN A SUPPORTING ROLE
Chester Morris,Chester Morris,ACTOR
Chief Dan George,Chief Dan George,ACTOR IN A SUPPORTING ROLE
Chill Wills,Chill Wills,ACTOR IN A SUPPORTING ROLE
Chiwetel Ejiofor,Chiwetel Ejiofor,ACTOR
Chloë Sevigny,Chloë Sevigny,ACTRESS IN A SUPPORTING ROLE
Chris Cooper,Chris Cooper,ACTOR IN A SUPPORTING ROLE
Chris Noonan,Chris Noonan,DIRECTING
Chris Sarandon,Chris Sarandon,ACTOR IN A SUPPORTING ROLE
Christian Bale,Christian Bale,ACTOR IN A SUPPORTING ROLE
Christian Bale,Christian Bale,ACTOR
Christian Bale,Christian Bale,ACTOR
Christian Bale,Christian Bale,ACTOR IN A SUPPORTING ROLE
Christine Lahti,Christine Lahti,ACTRESS IN A SUPPORTING ROLE
Christoph Waltz,Christoph Waltz,ACTOR IN A SUPPORTING ROLE
Christoph Waltz,Christoph Waltz,ACTOR IN A SUPPORTING ROLE
Christopher Nolan,Christopher Nolan,DIRECTING
Christopher Plummer,Christopher Plummer,ACTOR IN A SUPPORTING ROLE
Christopher Plummer,Christopher Plummer,ACTOR IN A SUPPORTING ROLE
Christopher Plummer,Christopher Plummer,ACTOR IN A SUPPORTING ROLE
Christopher Walken,Christopher Walken,ACTOR IN A SUPPORTING ROLE
Christopher Walken,Christopher Walken,ACTOR IN A SUPPORTING ROLE
Cicely Tyson,Cicely Tyson,ACTRESS
Claire Trevor,Claire Trevor,ACTRESS IN A SUPPORTING ROLE
Claire Trevor,Claire Trevor,ACTRESS IN A SUPPORTING ROLE
Claire Trevor,Claire Trevor,ACTRESS IN A SUPPORTING ROLE
Clarence Brown,Clarence Brown,DIRECTING
Clarence Brown,Clarence Brown,DIRECTING
Clarence Brown,Clarence Brown,DIRECTING
Clarence Brown,Clarence Brown,DIRECTING
Clarence Brown,Clarence Brown,DIRECTING
Clark Gable,Clark Gable,ACTOR
Clark Gable,Clark Gable,ACTOR
Clark Gable,Clark Gable,ACTOR
Claude Lelouch,Claude Lelouch,DIRECTING
Claude Rains,Claude Rains,ACTOR IN A SUPPORTING ROLE
Claude Rains,Claude Rains,ACTOR IN A SUPPORTING ROLE
Claude Rains,Claude Rains,ACTOR IN A SUPPORTING ROLE
Claude Rains,Claude Rains,ACTOR IN A SUPPORTING ROLE
Claudette Colbert,Claudette Colbert,ACTRESS
Claudette Colbert,Claudette Colbert,ACTRESS
Claudette Colbert,Claudette Colbert,ACTRESS
Cliff Robertson,Cliff Robertson,ACTOR
Clifton Webb,Clifton Webb,ACTOR
Clifton Webb,Clifton Webb,ACTOR IN A SUPPORTING ROLE
Clifton Webb,Clifton Webb,ACTOR IN A SUPPORTING ROLE
Clint Eastwood,Clint Eastwood,ACTOR
Clint Eastwood,Clint Eastwood,DIRECTING
Clint Eastwood,Clint Eastwood,DIRECTING
Clint Eastwood,Clint Eastwood,DIRECTING
Clint Eastwood,Clint Eastwood,DIRECTING
Clint Eastwood,Clint Eastwood,ACTOR
Clive Owen,Clive Owen,ACTOR IN A SUPPORTING ROLE
Cloris Leachman,Cloris Leachman,ACTRESS IN A SUPPORTING ROLE
Colette Marchand,Colette Marchand,ACTRESS IN A SUPPORTING ROLE
Colin Firth,Colin Firth,ACTOR
Colin Firth,Colin Firth,ACTOR
Corinne Griffith,Corinne Griffith,ACTRESS
Cornel Wilde,Cornel Wilde,ACTOR
Costa-Gavras,Costa-Gavras,DIRECTING
Cuba Gooding,Cuba Gooding,ACTOR IN A SUPPORTING ROLE
Curtis Hanson,Curtis Hanson,DIRECTING
Cynthia Erivo,Cynthia Erivo,ACTRESS
Dame Edith Evans,Dame Edith Evans,ACTRESS
Dame Edith Evans,Dame Edith Evans,ACTRESS IN A SUPPORTING ROLE
Dame Edith Evans,Dame Edith Evans,ACTRESS IN A SUPPORTING ROLE
Dame May Whitty,Dame May Whitty,ACTRESS IN A SUPPORTING ROLE
Dame May Whitty,Dame May Whitty,ACTRESS IN A SUPPORTING ROLE
Damien Chazelle,Damien Chazelle,DIRECTING
Dan Aykroyd,Dan Aykroyd,ACTOR IN A SUPPORTING ROLE
Dan Dailey,Dan Dailey,ACTOR
Dan O'Herlihy,Dan O'Herlihy,ACTOR
Daniel Day Lewis,Daniel Day Lewis,ACTOR
Daniel Day-Lewis,Daniel Day-Lewis,ACTOR
Daniel Day-Lewis,Daniel Day-Lewis,ACTOR
Daniel Day-Lewis,Daniel Day-Lewis,ACTOR
Daniel Day-Lewis,Daniel Day-Lewis,ACTOR
Daniel Day-Lewis,Daniel Day-Lewis,ACTOR
Daniel Kaluuya,Daniel Kaluuya,ACTOR
Daniel Massey,Daniel Massey,ACTOR IN A SUPPORTING ROLE
Danny Aiello,Danny Aiello,ACTOR IN A SUPPORTING ROLE
Danny Boyle,Danny Boyle,DIRECTING
Darren Aronofsky,Darren Aronofsky,DIRECTING
David Fincher,David Fincher,DIRECTING
David Fincher,David Fincher,DIRECTING
David Lean,David Lean,DIRECTING
David Lean,David Lean,DIRECTING
David Lean,David Lean,DIRECTING
David Lean,David Lean,DIRECTING
David Lean,David Lean,DIRECTING
David Lean,David Lean,DIRECTING
David Lean,David Lean,DIRECTING
David Lynch,David Lynch,DIRECTING
David Lynch,David Lynch,DIRECTING
David Lynch,David Lynch,DIRECTING
David Niven,David Niven,ACTOR
David O. Russell,David O. Russell,DIRECTING
David O. Russell,David O. Russell,DIRECTING
David O. Russell,David O. Russell,DIRECTING
David Paymer,David Paymer,ACTOR IN A SUPPORTING ROLE
David Strathairn,David Strathairn,ACTOR
Dean Jagger,Dean Jagger,ACTOR IN A SUPPORTING ROLE
Dean Stockwell,Dean Stockwell,ACTOR IN A SUPPORTING ROLE
Debbie Reynolds,Debbie Reynolds,ACTRESS
Deborah Kerr,Deborah Kerr,ACTRESS
Deborah Kerr,Deborah Kerr,ACTRESS
Deborah Kerr,Deborah Kerr,ACTRESS
Deborah Kerr,Deborah Kerr,ACTRESS
Deborah Kerr,Deborah Kerr,ACTRESS
Deborah Kerr,Deborah Kerr,ACTRESS
Debra Winger,Debra Winger,ACTRESS
Debra Winger,Debra Winger,ACTRESS
Debra Winger,Debra Winger,ACTRESS
Delbert Mann,Delbert Mann,DIRECTING
Demián Bichir,Demián Bichir,ACTOR
Denholm Elliott,Denholm Elliott,ACTOR IN A SUPPORTING ROLE
Denis Villeneuve,Denis Villeneuve,DIRECTING
Dennis Hopper,Dennis Hopper,ACTOR IN A SUPPORTING ROLE
Denzel Washington,Denzel Washington,ACTOR
Denzel Washington,Denzel Washington,ACTOR
Denzel Washington,Denzel Washington,ACTOR IN A SUPPORTING ROLE
Denzel Washington,Denzel Washington,ACTOR
Denzel Washington,Denzel Washington,ACTOR
Denzel Washington,Denzel Washington,ACTOR
Denzel Washington,Denzel Washington,ACTOR
Denzel Washington,Denzel Washington,ACTOR IN A SUPPORTING ROLE
Dev Patel,Dev Patel,ACTOR IN A SUPPORTING ROLE
Dexter Gordon,Dexter Gordon,ACTOR
Diahann Carroll,Diahann Carroll,ACTRESS
Diana Ross,Diana Ross,ACTRESS
Diana Scarwid,Diana Scarwid,ACTRESS IN A SUPPORTING ROLE
Diana Wynyard,Diana Wynyard,ACTRESS
Diane Cilento,Diane Cilento,ACTRESS IN A SUPPORTING ROLE
Diane Keaton,Diane Keaton,ACTRESS
Diane Keaton,Diane Keaton,ACTRESS
Diane Keaton,Diane Keaton,ACTRESS
Diane Keaton,Diane Keaton,ACTRESS
Diane Ladd,Diane Ladd,ACTRESS IN A SUPPORTING ROLE
Diane Ladd,Diane Ladd,ACTRESS IN A SUPPORTING ROLE
Diane Ladd,Diane Ladd,ACTRESS IN A SUPPORTING ROLE
Diane Lane,Diane Lane,ACTRESS
Diane Varsi,Diane Varsi,ACTRESS IN A SUPPORTING ROLE
Dianne Wiest,Dianne Wiest,ACTRESS IN A SUPPORTING ROLE
Dianne Wiest,Dianne Wiest,ACTRESS IN A SUPPORTING ROLE
Dianne Wiest,Dianne Wiest,ACTRESS IN A SUPPORTING ROLE
Djimon Hounsou,Djimon Hounsou,ACTOR IN A SUPPORTING ROLE
Djimon Hounsou,Djimon Hounsou,ACTOR IN A SUPPORTING ROLE
Don Ameche,Don Ameche,ACTOR IN A SUPPORTING ROLE
Don Cheadle,Don Cheadle,ACTOR
Don Murray,Don Murray,ACTOR IN A SUPPORTING ROLE
Donald Crisp,Donald Crisp,ACTOR IN A SUPPORTING ROLE
Donna Reed,Donna Reed,ACTRESS IN A SUPPORTING ROLE
Doris Day,Doris Day,ACTRESS
Dorothy Dandridge,Dorothy Dandridge,ACTRESS
Dorothy Malone,Dorothy Malone,ACTRESS IN A SUPPORTING ROLE
Dorothy McGuire,Dorothy McGuire,ACTRESS
Dudley Moore,Dudley Moore,ACTOR
Dustin Hoffman,Dustin Hoffman,ACTOR
Dustin Hoffman,Dustin Hoffman,ACTOR
Dustin Hoffman,Dustin Hoffman,ACTOR
Dustin Hoffman,Dustin Hoffman,ACTOR
Dustin Hoffman,Dustin Hoffman,ACTOR
Dustin Hoffman,Dustin Hoffman,ACTOR
Dustin Hoffman,Dustin Hoffman,ACTOR
Dyan Cannon,Dyan Cannon,ACTRESS IN A SUPPORTING ROLE
Dyan Cannon,Dyan Cannon,ACTRESS IN A SUPPORTING ROLE
Ed Begley,Ed Begley,ACTOR IN A SUPPORTING ROLE
Ed Harris,Ed Harris,ACTOR IN A SUPPORTING ROLE
Ed Harris,Ed Harris,ACTOR
Ed Harris,Ed Harris,ACTOR IN A SUPPORTING ROLE
Ed Harris,Ed Harris,ACTOR IN A SUPPORTING ROLE
Ed Wynn,Ed Wynn,ACTOR IN A SUPPORTING ROLE
Eddie Albert,Eddie Albert,ACTOR IN A SUPPORTING ROLE
Eddie Albert,Eddie Albert,ACTOR IN A SUPPORTING ROLE
Eddie Murphy,Eddie Murphy,ACTOR IN A SUPPORTING ROLE
Eddie Redmayne,Eddie Redmayne,ACTOR
Eddie Redmayne,Eddie Redmayne,ACTOR
Edmond O'Brien,Edmond O'Brien,ACTOR IN A SUPPORTING ROLE
Edmond O'Brien,Edmond O'Brien,ACTOR IN A SUPPORTING ROLE
Edmund Gwenn,Edmund Gwenn,ACTOR IN A SUPPORTING ROLE
Edmund Gwenn,Edmund Gwenn,ACTOR IN A SUPPORTING ROLE
Edna May Oliver,Edna May Oliver,ACTRESS IN A SUPPORTING ROLE
Edouard Molinaro,Edouard Molinaro,DIRECTING
Edward Dmytryk,Edward Dmytryk,DIRECTING
Edward James Olmos,Edward James Olmos,ACTOR
Edward Norton,Edward Norton,ACTOR
Edward Norton,Edward Norton,ACTOR IN A SUPPORTING ROLE
Edward Norton,Edward Norton,ACTOR IN A SUPPORTING ROLE
Eileen Brennan,Eileen Brennan,ACTRESS IN A SUPPORTING ROLE
Eileen Heckart,Eileen Heckart,ACTRESS IN A SUPPORTING ROLE
Eileen Heckart,Eileen Heckart,ACTRESS IN A SUPPORTING ROLE
Eleanor Parker,Eleanor Parker,ACTRESS
Eleanor Parker,Eleanor Parker,ACTRESS
Eleanor Parker,Eleanor Parker,ACTRESS
Elia Kazan,Elia Kazan,DIRECTING
Elia Kazan,Elia Kazan,DIRECTING
Elia Kazan,Elia Kazan,DIRECTING
Elia Kazan,Elia Kazan,DIRECTING
Elia Kazan,Elia Kazan,DIRECTING
Elisabeth Bergner,Elisabeth Bergner,ACTRESS
Elisabeth Shue,Elisabeth Shue,ACTRESS
Elizabeth Hartman,Elizabeth Hartman,ACTRESS
Elizabeth McGovern,Elizabeth McGovern,ACTRESS IN A SUPPORTING ROLE
Elizabeth Taylor,Elizabeth Taylor,ACTRESS
Elizabeth Taylor,Elizabeth Taylor,ACTRESS
Elizabeth Taylor,Elizabeth Taylor,ACTRESS
Elizabeth Taylor,Elizabeth Taylor,ACTRESS
Elizabeth Taylor,Elizabeth Taylor,ACTRESS
Ellen Burstyn,Ellen Burstyn,ACTRESS
Ellen Burstyn,Ellen Burstyn,ACTRESS
Ellen Burstyn,Ellen Burstyn,ACTRESS IN A SUPPORTING ROLE
Ellen Burstyn,Ellen Burstyn,ACTRESS
Ellen Burstyn,Ellen Burstyn,ACTRESS
Ellen Burstyn,Ellen Burstyn,ACTRESS
Ellen Corby,Ellen Corby,ACTRESS IN A SUPPORTING ROLE
Ellen Page,Ellen Page,ACTRESS
Elliott Gould,Elliott Gould,ACTOR IN A SUPPORTING ROLE
Elsa Lanchester,Elsa Lanchester,ACTRESS IN A SUPPORTING ROLE
Elsa Lanchester,Elsa Lanchester,ACTRESS IN A SUPPORTING ROLE
Emil Jannings,Emil Jannings,ACTOR
Emily Watson,Emily Watson,ACTRESS
Emily Watson,Emily Watson,ACTRESS
Emma Stone,Emma Stone,ACTRESS IN A SUPPORTING ROLE
Emma Stone,Emma Stone,ACTRESS IN A SUPPORTING ROLE
Emma Stone,Emma Stone,ACTRESS
Emma Thompson,Emma Thompson,ACTRESS
Emma Thompson,Emma Thompson,ACTRESS IN A SUPPORTING ROLE
Emma Thompson,Emma Thompson,ACTRESS
Emma Thompson,Emma Thompson,ACTRESS
Emmanuelle Riva,Emmanuelle Riva,ACTRESS
Eric Roberts,Eric Roberts,ACTOR IN A SUPPORTING ROLE
Erich von Stroheim,Erich von Stroheim,ACTOR IN A SUPPORTING ROLE
Ernest Borgnine,Ernest Borgnine,ACTOR
Ernst Lubitsch,Ernst Lubitsch,DIRECTING
Ernst Lubitsch,Ernst Lubitsch,DIRECTING
Ernst Lubitsch,Ernst Lubitsch,DIRECTING
Estelle Parsons,Estelle Parsons,ACTRESS IN A SUPPORTING ROLE
Estelle Parsons,Estelle Parsons,ACTRESS IN A SUPPORTING ROLE
Ethan Hawke,Ethan Hawke,ACTOR IN A SUPPORTING ROLE
Ethan Hawke,Ethan Hawke,ACTOR IN A SUPPORTING ROLE
Ethel Barrymore,Ethel Barrymore,ACTRESS IN A SUPPORTING ROLE
Ethel Barrymore,Ethel Barrymore,ACTRESS IN A SUPPORTING ROLE
Ethel Barrymore,Ethel Barrymore,ACTRESS IN A SUPPORTING ROLE
Ethel Barrymore,Ethel Barrymore,ACTRESS IN A SUPPORTING ROLE
Ethel Waters,Ethel Waters,ACTRESS IN A SUPPORTING ROLE
Eva Le Gallienne,Eva Le Gallienne,ACTRESS IN A SUPPORTING ROLE
Eva Marie Saint,Eva Marie Saint,ACTRESS IN A SUPPORTING ROLE
Eve Arden,Eve Arden,ACTRESS IN A SUPPORTING ROLE
F. Murray Abraham,F. Murray Abraham,ACTOR
Fay Bainter,Fay Bainter,ACTRESS IN A SUPPORTING ROLE
Fay Bainter,Fay Bainter,ACTRESS IN A SUPPORTING ROLE
Fay Bainter,Fay Bainter,ACTRESS
Faye Dunaway,Faye Dunaway,ACTRESS
Faye Dunaway,Faye Dunaway,ACTRESS
Faye Dunaway,Faye Dunaway,ACTRESS
Federico Fellini,Federico Fellini,DIRECTING
Federico Fellini,Federico Fellini,DIRECTING
Federico Fellini,Federico Fellini,DIRECTING
Federico Fellini,Federico Fellini,DIRECTING
Felicity Huffman,Felicity Huffman,ACTRESS
Felicity Jones,Felicity Jones,ACTRESS
Fernanda Montenegro,Fernanda Montenegro,ACTRESS
Fernando Meirelles,Fernando Meirelles,DIRECTING
Flora Robson,Flora Robson,ACTRESS IN A SUPPORTING ROLE
Florence Pugh,Florence Pugh,ACTRESS IN A SUPPORTING ROLE
Forest Whitaker,Forest Whitaker,ACTOR
Frances McDormand,Frances McDormand,ACTRESS IN A SUPPORTING ROLE
Frances McDormand,Frances McDormand,ACTRESS
Frances McDormand,Frances McDormand,ACTRESS IN A SUPPORTING ROLE
Frances McDormand,Frances McDormand,ACTRESS
Frances McDormand,Frances McDormand,ACTRESS IN A SUPPORTING ROLE
Franchot Tone,Franchot Tone,ACTOR
Francis Coppola,Francis Coppola,DIRECTING
Francis Ford Coppola,Francis Ford Coppola,DIRECTING
Francis Ford Coppola,Francis Ford Coppola,DIRECTING
Francis Ford Coppola,Francis Ford Coppola,DIRECTING
Franco Zeffirelli,Franco Zeffirelli,DIRECTING
Francois Truffaut,Francois Truffaut,DIRECTING
Frank Borzage,Frank Borzage,DIRECTING
Frank Borzage,Frank Borzage,DIRECTING
Frank Capra,Frank Capra,DIRECTING
Frank Capra,Frank Capra,DIRECTING
Frank Capra,Frank Capra,DIRECTING
Frank Capra,Frank Capra,DIRECTING
Frank Capra,Frank Capra,DIRECTING
Frank Capra,Frank Capra,DIRECTING
Frank Finlay,Frank Finlay,ACTOR IN A SUPPORTING ROLE
Frank Langella,Frank Langella,ACTOR
Frank Lloyd,Frank Lloyd,DIRECTING
Frank Lloyd,Frank Lloyd,DIRECTING
Frank Lloyd,Frank Lloyd,DIRECTING
Frank Lloyd,Frank Lloyd,DIRECTING
Frank Morgan,Frank Morgan,ACTOR
Frank Morgan,Frank Morgan,ACTOR IN A SUPPORTING ROLE
Frank Perry,Frank Perry,DIRECTING
Frank Sinatra,Frank Sinatra,ACTOR
Frank Sinatra,Frank Sinatra,ACTOR IN A SUPPORTING ROLE
Franklin J. Schaffner,Franklin J. Schaffner,DIRECTING
Fred Astaire,Fred Astaire,ACTOR IN A SUPPORTING ROLE
Fred Zinnemann,Fred Zinnemann,DIRECTING
Fred Zinnemann,Fred Zinnemann,DIRECTING
Fred Zinnemann,Fred Zinnemann,DIRECTING
Fred Zinnemann,Fred Zinnemann,DIRECTING
Fred Zinnemann,Fred Zinnemann,DIRECTING
Fred Zinnemann,Fred Zinnemann,DIRECTING
Fred Zinnemann,Fred Zinnemann,DIRECTING
Frederic Forrest,Frederic Forrest,ACTOR IN A SUPPORTING ROLE
Fredric March,Fredric March,ACTOR
Fredric March,Fredric March,ACTOR
Fredric March,Fredric March,ACTOR
Fredric March,Fredric March,ACTOR
Fredric March,Fredric March,ACTOR
Gabourey Sidibe,Gabourey Sidibe,ACTRESS
Gale Sondergaard,Gale Sondergaard,ACTRESS IN A SUPPORTING ROLE
Gale Sondergaard,Gale Sondergaard,ACTRESS IN A SUPPORTING ROLE
Gary Busey,Gary Busey,ACTOR
Gary Cooper,Gary Cooper,ACTOR
Gary Cooper,Gary Cooper,ACTOR
Gary Cooper,Gary Cooper,ACTOR
Gary Cooper,Gary Cooper,ACTOR
Gary Cooper,Gary Cooper,ACTOR
Gary Oldman,Gary Oldman,ACTOR
Gary Oldman,Gary Oldman,ACTOR
Gary Sinise,Gary Sinise,ACTOR IN A SUPPORTING ROLE
Geena Davis,Geena Davis,ACTRESS IN A SUPPORTING ROLE
Geena Davis,Geena Davis,ACTRESS
Gena Rowlands,Gena Rowlands,ACTRESS
Gena Rowlands,Gena Rowlands,ACTRESS
Gene Hackman,Gene Hackman,ACTOR IN A SUPPORTING ROLE
Gene Hackman,Gene Hackman,ACTOR IN A SUPPORTING ROLE
Gene Hackman,Gene Hackman,ACTOR IN A SUPPORTING ROLE
Gene Hackman,Gene Hackman,ACTOR
Gene Hackman,Gene Hackman,ACTOR
Gene Kelly,Gene Kelly,ACTOR
Gene Lockhart,Gene Lockhart,ACTOR IN A SUPPORTING ROLE
Gene Tierney,Gene Tierney,ACTRESS
Gene Wilder,Gene Wilder,ACTOR IN A SUPPORTING ROLE
Genevieve Bujold,Genevieve Bujold,ACTRESS
Geoffrey Rush,Geoffrey Rush,ACTOR
Geoffrey Rush,Geoffrey Rush,ACTOR
Geoffrey Rush,Geoffrey Rush,ACTOR IN A SUPPORTING ROLE
Geoffrey Rush,Geoffrey Rush,ACTOR IN A SUPPORTING ROLE
George Arliss,George Arliss,ACTOR
George Arliss,George Arliss,ACTOR
George Bancroft,George Bancroft,ACTOR
George Burns,George Burns,ACTOR IN A SUPPORTING ROLE
George C. Scott,George C. Scott,ACTOR
George C. Scott,George C. Scott,ACTOR IN A SUPPORTING ROLE
George C. Scott,George C. Scott,ACTOR
George C. Scott,George C. Scott,ACTOR IN A SUPPORTING ROLE
George Chakiris,George Chakiris,ACTOR IN A SUPPORTING ROLE
George Clooney,George Clooney,ACTOR IN A SUPPORTING ROLE
George Clooney,George Clooney,ACTOR
George Clooney,George Clooney,ACTOR
George Clooney,George Clooney,ACTOR
George Clooney,George Clooney,DIRECTING
George Cukor,George Cukor,DIRECTING
George Cukor,George Cukor,DIRECTING
George Cukor,George Cukor,DIRECTING
George Cukor,George Cukor,DIRECTING
George Cukor,George Cukor,DIRECTING
George Kennedy,George Kennedy,ACTOR IN A SUPPORTING ROLE
George Lucas,George Lucas,DIRECTING
George Lucas,George Lucas,DIRECTING
George Miller,George Miller,DIRECTING
George Roy Hill,George Roy Hill,DIRECTING
George Roy Hill,George Roy Hill,DIRECTING
George Sanders,George Sanders,ACTOR IN A SUPPORTING ROLE
George Seaton,George Seaton,DIRECTING
George Segal,George Segal,ACTOR IN A SUPPORTING ROLE
George Stevens,George Stevens,DIRECTING
George Stevens,George Stevens,DIRECTING
George Stevens,George Stevens,DIRECTING
George Stevens,George Stevens,DIRECTING
George Stevens,George Stevens,DIRECTING
Geraldine Fitzgerald,Geraldine Fitzgerald,ACTRESS IN A SUPPORTING ROLE
Geraldine Page,Geraldine Page,ACTRESS IN A SUPPORTING ROLE
Geraldine Page,Geraldine Page,ACTRESS
Geraldine Page,Geraldine Page,ACTRESS IN A SUPPORTING ROLE
Geraldine Page,Geraldine Page,ACTRESS
Geraldine Page,Geraldine Page,ACTRESS IN A SUPPORTING ROLE
Geraldine Page,Geraldine Page,ACTRESS
Geraldine Page,Geraldine Page,ACTRESS IN A SUPPORTING ROLE
Geraldine Page,Geraldine Page,ACTRESS
Gerard Depardieu,Gerard Depardieu,ACTOR
Giancarlo Giannini,Giancarlo Giannini,ACTOR
Gig Young,Gig Young,ACTOR IN A SUPPORTING ROLE
Gig Young,Gig Young,ACTOR IN A SUPPORTING ROLE
Gig Young,Gig Young,ACTOR IN A SUPPORTING ROLE
Gillo Pontecorvo,Gillo Pontecorvo,DIRECTING
Ginger Rogers,Ginger Rogers,ACTRESS
Gladys Cooper,Gladys Cooper,ACTRESS IN A SUPPORTING ROLE
Gladys Cooper,Gladys Cooper,ACTRESS IN A SUPPORTING ROLE
Gladys Cooper,Gladys Cooper,ACTRESS IN A SUPPORTING ROLE
Gladys George,Gladys George,ACTRESS
Glenda Jackson,Glenda Jackson,ACTRESS
Glenda Jackson,Glenda Jackson,ACTRESS
Glenda Jackson,Glenda Jackson,ACTRESS
Glenda Jackson,Glenda Jackson,ACTRESS
Glenn Close,Glenn Close,ACTRESS IN A SUPPORTING ROLE
Glenn Close,Glenn Close,ACTRESS IN A SUPPORTING ROLE
Glenn Close,Glenn Close,ACTRESS
Glenn Close,Glenn Close,ACTRESS IN A SUPPORTING ROLE
Glenn Close,Glenn Close,ACTRESS
Glenn Close,Glenn Close,ACTRESS
Glenn Close,Glenn Close,ACTRESS
Gloria Grahame,Gloria Grahame,ACTRESS IN A SUPPORTING ROLE
Gloria Grahame,Gloria Grahame,ACTRESS IN A SUPPORTING ROLE
Gloria Stuart,Gloria Stuart,ACTRESS IN A SUPPORTING ROLE
Gloria Swanson,Gloria Swanson,ACTRESS
Gloria Swanson,Gloria Swanson,ACTRESS
Gloria Swanson,Gloria Swanson,ACTRESS
Glynis Johns,Glynis Johns,ACTRESS IN A SUPPORTING ROLE
Goldie Hawn,Goldie Hawn,ACTRESS
Goldie Hawn,Goldie Hawn,ACTRESS IN A SUPPORTING ROLE
Grace Kelly,Grace Kelly,ACTRESS
Grace Kelly,Grace Kelly,ACTRESS IN A SUPPORTING ROLE
Grace Moore,Grace Moore,ACTRESS
Graham Greene,Graham Greene,ACTOR IN A SUPPORTING ROLE
Grayson Hall,Grayson Hall,ACTRESS IN A SUPPORTING ROLE
Greer Garson,Greer Garson,ACTRESS
Greer Garson,Greer Garson,ACTRESS
Greer Garson,Greer Garson,ACTRESS
Greer Garson,Greer Garson,ACTRESS
Greer Garson,Greer Garson,ACTRESS
Greer Garson,Greer Garson,ACTRESS
Greer Garson,Greer Garson,ACTRESS
Greg Kinnear,Greg Kinnear,ACTOR IN A SUPPORTING ROLE
Gregory La Cava,Gregory La Cava,DIRECTING
Gregory La Cava,Gregory La Cava,DIRECTING
Gregory Peck,Gregory Peck,ACTOR
Gregory Peck,Gregory Peck,ACTOR
Gregory Peck,Gregory Peck,ACTOR
Gregory Peck,Gregory Peck,ACTOR
Gregory Peck,Gregory Peck,ACTOR
Greta Garbo,Greta Garbo,ACTRESS
Greta Garbo,Greta Garbo,ACTRESS
Greta Garbo,Greta Garbo,ACTRESS
Greta Gerwig,Greta Gerwig,DIRECTING
Guillermo del Toro,Guillermo del Toro,DIRECTING
Gus Van Sant,Gus Van Sant,DIRECTING
Gus Van Sant,Gus Van Sant,DIRECTING
Gwyneth Paltrow,Gwyneth Paltrow,ACTRESS
H. B. Warner,H. B. Warner,ACTOR IN A SUPPORTING ROLE
Hailee Steinfeld,Hailee Steinfeld,ACTRESS IN A SUPPORTING ROLE
Haing S. Ngor,Haing S. Ngor,ACTOR IN A SUPPORTING ROLE
Hal Ashby,Hal Ashby,DIRECTING
Hal Holbrook,Hal Holbrook,ACTOR IN A SUPPORTING ROLE
Haley Joel Osment,Haley Joel Osment,ACTOR IN A SUPPORTING ROLE
Halle Berry,Halle Berry,ACTRESS
Harold Russell,Harold Russell,ACTOR IN A SUPPORTING ROLE
Harrison Ford,Harrison Ford,ACTOR
Harry Beaumont,Harry Beaumont,DIRECTING
Harry Carey,Harry Carey,ACTOR IN A SUPPORTING ROLE
Harvey Keitel,Harvey Keitel,ACTOR IN A SUPPORTING ROLE
Hattie McDaniel,Hattie McDaniel,ACTRESS IN A SUPPORTING ROLE
Heath Ledger,Heath Ledger,ACTOR
Heath Ledger,Heath Ledger,ACTOR IN A SUPPORTING ROLE
Hector Babenco,Hector Babenco,DIRECTING
Helen Hayes,Helen Hayes,ACTRESS
Helen Hayes,Helen Hayes,ACTRESS IN A SUPPORTING ROLE
Helen Hunt,Helen Hunt,ACTRESS
Helen Hunt,Helen Hunt,ACTRESS IN A SUPPORTING ROLE
Helen Mirren,Helen Mirren,ACTRESS
Helen Mirren,Helen Mirren,ACTRESS IN A SUPPORTING ROLE
Helen Mirren,Helen Mirren,ACTRESS
Helen Mirren,Helen Mirren,ACTRESS IN A SUPPORTING ROLE
Helena Bonham Carter,Helena Bonham Carter,ACTRESS IN A SUPPORTING ROLE
Helena Bonham Carter,Helena Bonham Carter,ACTRESS
Henry Fonda,Henry Fonda,ACTOR
Henry Fonda,Henry Fonda,ACTOR
Henry Hathaway,Henry Hathaway,DIRECTING
Henry King,Henry King,DIRECTING
Henry King,Henry King,DIRECTING
Henry Koster,Henry Koster,DIRECTING
Henry Travers,Henry Travers,ACTOR IN A SUPPORTING ROLE
Herbert Brenon,Herbert Brenon,DIRECTING
Herbert Ross,Herbert Ross,DIRECTING
Hermione Baddeley,Hermione Baddeley,ACTRESS IN A SUPPORTING ROLE
Hilary Swank,Hilary Swank,ACTRESS
Hilary Swank,Hilary Swank,ACTRESS
Hiroshi Teshigahara,Hiroshi Teshigahara,DIRECTING
Holly Hunter,Holly Hunter,ACTRESS
Holly Hunter,Holly Hunter,ACTRESS
Holly Hunter,Holly Hunter,ACTRESS IN A SUPPORTING ROLE
Holly Hunter,Holly Hunter,ACTRESS IN A SUPPORTING ROLE
Hope Emerson,Hope Emerson,ACTRESS IN A SUPPORTING ROLE
Hope Lange,Hope Lange,ACTRESS IN A SUPPORTING ROLE
Howard E. Rollins,Howard E. Rollins,ACTOR IN A SUPPORTING ROLE
Howard Hawks,Howard Hawks,DIRECTING
Hugh Griffith,Hugh Griffith,ACTOR IN A SUPPORTING ROLE
Hugh Griffith,Hugh Griffith,ACTOR IN A SUPPORTING ROLE
Hugh Hudson,Hugh Hudson,DIRECTING
Hugh Jackman,Hugh Jackman,ACTOR
Hume Cronyn,Hume Cronyn,ACTOR IN A SUPPORTING ROLE
Humphrey Bogart,Humphrey Bogart,ACTOR
Humphrey Bogart,Humphrey Bogart,ACTOR
Humphrey Bogart,Humphrey Bogart,ACTOR
Ian Bannen,Ian Bannen,ACTOR IN A SUPPORTING ROLE
Ian Holm,Ian Holm,ACTOR IN A SUPPORTING ROLE
Ian McKellen,Ian McKellen,ACTOR
Ian McKellen,Ian McKellen,ACTOR IN A SUPPORTING ROLE
Ida Kaminska,Ida Kaminska,ACTRESS
Imelda Staunton,Imelda Staunton,ACTRESS
Ingmar Bergman,Ingmar Bergman,DIRECTING
Ingmar Bergman,Ingmar Bergman,DIRECTING
Ingmar Bergman,Ingmar Bergman,DIRECTING
Ingrid Bergman,Ingrid Bergman,ACTRESS
Ingrid Bergman,Ingrid Bergman,ACTRESS
Ingrid Bergman,Ingrid Bergman,ACTRESS
Ingrid Bergman,Ingrid Bergman,ACTRESS
Ingrid Bergman,Ingrid Bergman,ACTRESS
Ingrid Bergman,Ingrid Bergman,ACTRESS IN A SUPPORTING ROLE
Ingrid Bergman,Ingrid Bergman,ACTRESS
Irene Dunne,Irene Dunne,ACTRESS
Irene Dunne,Irene Dunne,ACTRESS
Irene Dunne,Irene Dunne,ACTRESS
Irene Dunne,Irene Dunne,ACTRESS
Irene Dunne,Irene Dunne,ACTRESS
Irving Cummings,Irving Cummings,DIRECTING
Isabelle Adjani,Isabelle Adjani,ACTRESS
Isabelle Adjani,Isabelle Adjani,ACTRESS
Isabelle Huppert,Isabelle Huppert,ACTRESS
J. Carrol Naish,J. Carrol Naish,ACTOR IN A SUPPORTING ROLE
J. Carrol Naish,J. Carrol Naish,ACTOR IN A SUPPORTING ROLE
J. Lee Thompson,J. Lee Thompson,DIRECTING
J.K. Simmons,J.K. Simmons,ACTOR IN A SUPPORTING ROLE
Jack Albertson,Jack Albertson,ACTOR IN A SUPPORTING ROLE
Jack Cardiff,Jack Cardiff,DIRECTING
Jack Clayton,Jack Clayton,DIRECTING
Jack Gilford,Jack Gilford,ACTOR IN A SUPPORTING ROLE
Jack Kruschen,Jack Kruschen,ACTOR IN A SUPPORTING ROLE
Jack Lemmon,Jack Lemmon,ACTOR
Jack Lemmon,Jack Lemmon,ACTOR
Jack Lemmon,Jack Lemmon,ACTOR
Jack Lemmon,Jack Lemmon,ACTOR
Jack Lemmon,Jack Lemmon,ACTOR
Jack Lemmon,Jack Lemmon,ACTOR
Jack Lemmon,Jack Lemmon,ACTOR IN A SUPPORTING ROLE
Jack Lemmon,Jack Lemmon,ACTOR
Jack Nicholson,Jack Nicholson,ACTOR
Jack Nicholson,Jack Nicholson,ACTOR
Jack Nicholson,Jack Nicholson,ACTOR
Jack Nicholson,Jack Nicholson,ACTOR IN A SUPPORTING ROLE
Jack Nicholson,Jack Nicholson,ACTOR IN A SUPPORTING ROLE
Jack Nicholson,Jack Nicholson,ACTOR
Jack Nicholson,Jack Nicholson,ACTOR IN A SUPPORTING ROLE
Jack Nicholson,Jack Nicholson,ACTOR
Jack Nicholson,Jack Nicholson,ACTOR
Jack Nicholson,Jack Nicholson,ACTOR IN A SUPPORTING ROLE
Jack Nicholson,Jack Nicholson,ACTOR
Jack Nicholson,Jack Nicholson,ACTOR
Jack Oakie,Jack Oakie,ACTOR IN A SUPPORTING ROLE
Jack Palance,Jack Palance,ACTOR IN A SUPPORTING ROLE
Jack Palance,Jack Palance,ACTOR IN A SUPPORTING ROLE
Jack Palance,Jack Palance,ACTOR IN A SUPPORTING ROLE
Jack Warden,Jack Warden,ACTOR IN A SUPPORTING ROLE
Jack Warden,Jack Warden,ACTOR IN A SUPPORTING ROLE
Jack Wild,Jack Wild,ACTOR IN A SUPPORTING ROLE
Jacki Weaver,Jacki Weaver,ACTRESS IN A SUPPORTING ROLE
Jacki Weaver,Jacki Weaver,ACTRESS IN A SUPPORTING ROLE
Jackie Cooper,Jackie Cooper,ACTOR
Jackie Earle Haley,Jackie Earle Haley,ACTOR IN A SUPPORTING ROLE
Jackie Gleason,Jackie Gleason,ACTOR IN A SUPPORTING ROLE
Jake Gyllenhaal,Jake Gyllenhaal,ACTOR IN A SUPPORTING ROLE
James Caan,James Caan,ACTOR IN A SUPPORTING ROLE
James Cagney,James Cagney,ACTOR
James Cagney,James Cagney,ACTOR
James Cagney,James Cagney,ACTOR
James Cameron,James Cameron,DIRECTING
James Cameron,James Cameron,DIRECTING
James Coburn,James Coburn,ACTOR IN A SUPPORTING ROLE
James Coco,James Coco,ACTOR IN A SUPPORTING ROLE
James Cromwell,James Cromwell,ACTOR IN A SUPPORTING ROLE
James Dean,James Dean,ACTOR
James Dean,James Dean,ACTOR
James Dunn,James Dunn,ACTOR IN A SUPPORTING ROLE
James Earl Jones,James Earl Jones,ACTOR
James Franco,James Franco,ACTOR
James Garner,James Garner,ACTOR
James Gleason,James Gleason,ACTOR IN A SUPPORTING ROLE
James Ivory,James Ivory,DIRECTING
James Ivory,James Ivory,DIRECTING
James Ivory,James Ivory,DIRECTING
James L. Brooks,James L. Brooks,DIRECTING
James Mason,James Mason,ACTOR IN A SUPPORTING ROLE
James Mason,James Mason,ACTOR
James Mason,James Mason,ACTOR IN A SUPPORTING ROLE
James Stephenson,James Stephenson,ACTOR IN A SUPPORTING ROLE
James Stewart,James Stewart,ACTOR
James Stewart,James Stewart,ACTOR
James Stewart,James Stewart,ACTOR
James Stewart,James Stewart,ACTOR
James Stewart,James Stewart,ACTOR
James Whitmore,James Whitmore,ACTOR IN A SUPPORTING ROLE
James Whitmore,James Whitmore,ACTOR
James Woods,James Woods,ACTOR
James Woods,James Woods,ACTOR IN A SUPPORTING ROLE
Jamie Foxx,Jamie Foxx,ACTOR IN A SUPPORTING ROLE
Jamie Foxx,Jamie Foxx,ACTOR
Jan Sterling,Jan Sterling,ACTRESS IN A SUPPORTING ROLE
Jan Troell,Jan Troell,DIRECTING
Jane Alexander,Jane Alexander,ACTRESS
Jane Alexander,Jane Alexander,ACTRESS IN A SUPPORTING ROLE
Jane Alexander,Jane Alexander,ACTRESS IN A SUPPORTING ROLE
Jane Alexander,Jane Alexander,ACTRESS
Jane Campion,Jane Campion,DIRECTING
Jane Darwell,Jane Darwell,ACTRESS IN A SUPPORTING ROLE
Jane Fonda,Jane Fonda,ACTRESS
Jane Fonda,Jane Fonda,ACTRESS IN A SUPPORTING ROLE
Jane Fonda,Jane Fonda,ACTRESS
Jane Fonda,Jane Fonda,ACTRESS
Jane Fonda,Jane Fonda,ACTRESS
Jane Fonda,Jane Fonda,ACTRESS
Jane Fonda,Jane Fonda,ACTRESS
Jane Wyman,Jane Wyman,ACTRESS
Jane Wyman,Jane Wyman,ACTRESS
Jane Wyman,Jane Wyman,ACTRESS
Jane Wyman,Jane Wyman,ACTRESS
Janet Gaynor,Janet Gaynor,ACTRESS
Janet Gaynor,Janet Gaynor,ACTRESS
Janet Leigh,Janet Leigh,ACTRESS IN A SUPPORTING ROLE
Janet McTeer,Janet McTeer,ACTRESS IN A SUPPORTING ROLE
Janet McTeer,Janet McTeer,ACTRESS
Janet Suzman,Janet Suzman,ACTRESS
Jared Leto,Jared Leto,ACTOR IN A SUPPORTING ROLE
Jason Miller,Jason Miller,ACTOR IN A SUPPORTING ROLE
Jason Reitman,Jason Reitman,DIRECTING
Jason Reitman,Jason Reitman,DIRECTING
Jason Robards,Jason Robards,ACTOR IN A SUPPORTING ROLE
Jason Robards,Jason Robards,ACTOR IN A SUPPORTING ROLE
Jason Robards,Jason Robards,ACTOR IN A SUPPORTING ROLE
Javier Bardem,Javier Bardem,ACTOR
Javier Bardem,Javier Bardem,ACTOR
Javier Bardem,Javier Bardem,ACTOR IN A SUPPORTING ROLE
Jaye Davidson,Jaye Davidson,ACTOR IN A SUPPORTING ROLE
Jean Arthur,Jean Arthur,ACTRESS
Jean Dujardin,Jean Dujardin,ACTOR
Jean Hagen,Jean Hagen,ACTRESS IN A SUPPORTING ROLE
Jean Negulesco,Jean Negulesco,DIRECTING
Jean Renoir,Jean Renoir,DIRECTING
Jean Simmons,Jean Simmons,ACTRESS
Jean Simmons,Jean Simmons,ACTRESS IN A SUPPORTING ROLE
Jeanne Crain,Jeanne Crain,ACTRESS
Jeanne Eagels,Jeanne Eagels,ACTRESS
Jeannie Berlin,Jeannie Berlin,ACTRESS IN A SUPPORTING ROLE
Jeff Bridges,Jeff Bridges,ACTOR IN A SUPPORTING ROLE
Jeff Bridges,Jeff Bridges,ACTOR
Jeff Bridges,Jeff Bridges,ACTOR
Jeff Bridges,Jeff Bridges,ACTOR IN A SUPPORTING ROLE
Jeff Bridges,Jeff Bridges,ACTOR
Jeff Bridges,Jeff Bridges,ACTOR IN A SUPPORTING ROLE
Jeff Bridges,Jeff Bridges,ACTOR IN A SUPPORTING ROLE
Jeff Chandler,Jeff Chandler,ACTOR IN A SUPPORTING ROLE
Jennifer Connelly,Jennifer Connelly,ACTRESS IN A SUPPORTING ROLE
Jennifer Hudson,Jennifer Hudson,ACTRESS IN A SUPPORTING ROLE
Jennifer Jason Leigh,Jennifer Jason Leigh,ACTRESS IN A SUPPORTING ROLE
Jennifer Jones,Jennifer Jones,ACTRESS
Jennifer Jones,Jennifer Jones,ACTRESS
Jennifer Jones,Jennifer Jones,ACTRESS
Jennifer Jones,Jennifer Jones,ACTRESS IN A SUPPORTING ROLE
Jennifer Jones,Jennifer Jones,ACTRESS
Jennifer Lawrence,Jennifer Lawrence,ACTRESS
Jennifer Lawrence,Jennifer Lawrence,ACTRESS IN A SUPPORTING ROLE
Jennifer Lawrence,Jennifer Lawrence,ACTRESS
Jennifer Lawrence,Jennifer Lawrence,ACTRESS
Jennifer Tilly,Jennifer Tilly,ACTRESS IN A SUPPORTING ROLE
Jeremy Irons,Jeremy Irons,ACTOR
Jeremy Renner,Jeremy Renner,ACTOR IN A SUPPORTING ROLE
Jeremy Renner,Jeremy Renner,ACTOR
Jesse Eisenberg,Jesse Eisenberg,ACTOR
Jessica Chastain,Jessica Chastain,ACTRESS IN A SUPPORTING ROLE
Jessica Chastain,Jessica Chastain,ACTRESS
Jessica Lange,Jessica Lange,ACTRESS
Jessica Lange,Jessica Lange,ACTRESS
Jessica Lange,Jessica Lange,ACTRESS
Jessica Lange,Jessica Lange,ACTRESS
Jessica Lange,Jessica Lange,ACTRESS IN A SUPPORTING ROLE
Jessica Lange,Jessica Lange,ACTRESS
Jessica Tandy,Jessica Tandy,ACTRESS IN A SUPPORTING ROLE
Jessica Tandy,Jessica Tandy,ACTRESS
Jill Clayburgh,Jill Clayburgh,ACTRESS
Jill Clayburgh,Jill Clayburgh,ACTRESS
Jim Broadbent,Jim Broadbent,ACTOR IN A SUPPORTING ROLE
Jim Sheridan,Jim Sheridan,DIRECTING
Jim Sheridan,Jim Sheridan,DIRECTING
Jo Van Fleet,Jo Van Fleet,ACTRESS IN A SUPPORTING ROLE
Joan Allen,Joan Allen,ACTRESS
Joan Allen,Joan Allen,ACTRESS IN A SUPPORTING ROLE
Joan Allen,Joan Allen,ACTRESS IN A SUPPORTING ROLE
Joan Blondell,Joan Blondell,ACTRESS IN A SUPPORTING ROLE
Joan Crawford,Joan Crawford,ACTRESS
Joan Crawford,Joan Crawford,ACTRESS
Joan Crawford,Joan Crawford,ACTRESS
Joan Cusack,Joan Cusack,ACTRESS IN A SUPPORTING ROLE
Joan Cusack,Joan Cusack,ACTRESS IN A SUPPORTING ROLE
Joan Fontaine,Joan Fontaine,ACTRESS
Joan Fontaine,Joan Fontaine,ACTRESS
Joan Fontaine,Joan Fontaine,ACTRESS
Joan Hackett,Joan Hackett,ACTRESS IN A SUPPORTING ROLE
Joan Lorring,Joan Lorring,ACTRESS IN A SUPPORTING ROLE
Joan Plowright,Joan Plowright,ACTRESS IN A SUPPORTING ROLE
Joanne Woodward,Joanne Woodward,ACTRESS
Joanne Woodward,Joanne Woodward,ACTRESS
Joanne Woodward,Joanne Woodward,ACTRESS
Joanne Woodward,Joanne Woodward,ACTRESS
Joaquin Phoenix,Joaquin Phoenix,ACTOR
Joaquin Phoenix,Joaquin Phoenix,ACTOR IN A SUPPORTING ROLE
Joaquin Phoenix,Joaquin Phoenix,ACTOR
Joaquin Phoenix,Joaquin Phoenix,ACTOR
Jocelyne Lagarde,Jocelyne Lagarde,ACTRESS IN A SUPPORTING ROLE
Jodie Foster,Jodie Foster,ACTRESS IN A SUPPORTING ROLE
Jodie Foster,Jodie Foster,ACTRESS
Jodie Foster,Jodie Foster,ACTRESS
Jodie Foster,Jodie Foster,ACTRESS
Joe Mantell,Joe Mantell,ACTOR IN A SUPPORTING ROLE
Joe Pesci,Joe Pesci,ACTOR IN A SUPPORTING ROLE
Joe Pesci,Joe Pesci,ACTOR IN A SUPPORTING ROLE
Joe Pesci,Joe Pesci,ACTOR IN A SUPPORTING ROLE
Joel Coen,Joel Coen,DIRECTING
Joel Coen and Ethan Coen,Joel Coen and Ethan Coen,DIRECTING
Joel Coen and Ethan Coen,Joel Coen and Ethan Coen,DIRECTING
Joel Grey,Joel Grey,ACTOR IN A SUPPORTING ROLE
John Boorman,John Boorman,DIRECTING
John Boorman,John Boorman,DIRECTING
John C. Reilly,John C. Reilly,ACTOR IN A SUPPORTING ROLE
John Cassavetes,John Cassavetes,DIRECTING
John Cassavetes,John Cassavetes,ACTOR IN A SUPPORTING ROLE
John Dall,John Dall,ACTOR IN A SUPPORTING ROLE
John Farrow,John Farrow,DIRECTING
John Ford,John Ford,DIRECTING
John Ford,John Ford,DIRECTING
John Ford,John Ford,DIRECTING
John Ford,John Ford,DIRECTING
John Ford,John Ford,DIRECTING
John G. Avildsen,John G. Avildsen,DIRECTING
John Garfield,John Garfield,ACTOR IN A SUPPORTING ROLE
John Garfield,John Garfield,ACTOR
John Gielgud,John Gielgud,ACTOR IN A SUPPORTING ROLE
John Gielgud,John Gielgud,ACTOR IN A SUPPORTING ROLE
John Hawkes,John Hawkes,ACTOR IN A SUPPORTING ROLE
John Houseman,John Houseman,ACTOR IN A SUPPORTING ROLE
John Hurt,John Hurt,ACTOR IN A SUPPORTING ROLE
John Hurt,John Hurt,ACTOR
John Huston,John Huston,DIRECTING
John Huston,John Huston,DIRECTING
John Huston,John Huston,ACTOR IN A SUPPORTING ROLE
John Huston,John Huston,DIRECTING
John Huston,John Huston,DIRECTING
John Huston,John Huston,DIRECTING
John Ireland,John Ireland,ACTOR IN A SUPPORTING ROLE
John Lithgow,John Lithgow,ACTOR IN A SUPPORTING ROLE
John Lithgow,John Lithgow,ACTOR IN A SUPPORTING ROLE
John Madden,John Madden,DIRECTING
John Malkovich,John Malkovich,ACTOR IN A SUPPORTING ROLE
John Malkovich,John Malkovich,ACTOR IN A SUPPORTING ROLE
John Marley,John Marley,ACTOR IN A SUPPORTING ROLE
John Mills,John Mills,ACTOR IN A SUPPORTING ROLE
John Schlesinger,John Schlesinger,DIRECTING
John Schlesinger,John Schlesinger,DIRECTING
John Schlesinger,John Schlesinger,DIRECTING
John Singleton,John Singleton,DIRECTING
John Sturges,John Sturges,DIRECTING
John Travolta,John Travolta,ACTOR
John Travolta,John Travolta,ACTOR
John Wayne,John Wayne,ACTOR
John Wayne,John Wayne,ACTOR
Johnny Depp,Johnny Depp,ACTOR
Johnny Depp,Johnny Depp,ACTOR
Johnny Depp,Johnny Depp,ACTOR
Jon Voight,Jon Voight,ACTOR IN A SUPPORTING ROLE
Jon Voight,Jon Voight,ACTOR
Jon Voight,Jon Voight,ACTOR
Jon Voight,Jon Voight,ACTOR
Jonah Hill,Jonah Hill,ACTOR IN A SUPPORTING ROLE
Jonah Hill,Jonah Hill,ACTOR IN A SUPPORTING ROLE
Jonathan Demme,Jonathan Demme,DIRECTING
Jonathan Pryce,Jonathan Pryce,ACTOR
Jordan Peele,Jordan Peele,DIRECTING
Josef Von Sternberg,Josef Von Sternberg,DIRECTING
Josef Von Sternberg,Josef Von Sternberg,DIRECTING
Joseph L. Mankiewicz,Joseph L. Mankiewicz,DIRECTING
Joseph L. Mankiewicz,Joseph L. Mankiewicz,DIRECTING
Joseph L. Mankiewicz,Joseph L. Mankiewicz,DIRECTING
Joseph L. Mankiewicz,Joseph L. Mankiewicz,DIRECTING
Joseph Schildkraut,Joseph Schildkraut,ACTOR IN A SUPPORTING ROLE
Josephine Hull,Josephine Hull,ACTRESS IN A SUPPORTING ROLE
Josh Brolin,Josh Brolin,ACTOR IN A SUPPORTING ROLE
Joshua Logan,Joshua Logan,DIRECTING
Joshua Logan,Joshua Logan,DIRECTING
José Ferrer,José Ferrer,ACTOR IN A SUPPORTING ROLE
José Ferrer,José Ferrer,ACTOR
José Ferrer,José Ferrer,ACTOR
Joyce Redman,Joyce Redman,ACTRESS IN A SUPPORTING ROLE
Joyce Redman,Joyce Redman,ACTRESS IN A SUPPORTING ROLE
Juanita Moore,Juanita Moore,ACTRESS IN A SUPPORTING ROLE
Judd Hirsch,Judd Hirsch,ACTOR IN A SUPPORTING ROLE
Jude Law,Jude Law,ACTOR IN A SUPPORTING ROLE
Jude Law,Jude Law,ACTOR
Judi Dench,Judi Dench,ACTRESS
Judi Dench,Judi Dench,ACTRESS IN A SUPPORTING ROLE
Judi Dench,Judi Dench,ACTRESS IN A SUPPORTING ROLE
Judi Dench,Judi Dench,ACTRESS
Judi Dench,Judi Dench,ACTRESS
Judi Dench,Judi Dench,ACTRESS
Judi Dench,Judi Dench,ACTRESS
Judith Anderson,Judith Anderson,ACTRESS IN A SUPPORTING ROLE
Judy Davis,Judy Davis,ACTRESS IN A SUPPORTING ROLE
Judy Davis,Judy Davis,ACTRESS
Judy Garland,Judy Garland,ACTRESS
Judy Garland,Judy Garland,ACTRESS IN A SUPPORTING ROLE
Judy Holliday,Judy Holliday,ACTRESS
Jules Dassin,Jules Dassin,DIRECTING
Julia Roberts,Julia Roberts,ACTRESS IN A SUPPORTING ROLE
Julia Roberts,Julia Roberts,ACTRESS
Julia Roberts,Julia Roberts,ACTRESS
Julia Roberts,Julia Roberts,ACTRESS IN A SUPPORTING ROLE
Julian Schnabel,Julian Schnabel,DIRECTING
Julianne Moore,Julianne Moore,ACTRESS
Julianne Moore,Julianne Moore,ACTRESS
Julianne Moore,Julianne Moore,ACTRESS
Julianne Moore,Julianne Moore,ACTRESS IN A SUPPORTING ROLE
Julianne Moore,Julianne Moore,ACTRESS IN A SUPPORTING ROLE
Julie Andrews,Julie Andrews,ACTRESS
Julie Andrews,Julie Andrews,ACTRESS
Julie Andrews,Julie Andrews,ACTRESS
Julie Christie,Julie Christie,ACTRESS
Julie Christie,Julie Christie,ACTRESS
Julie Christie,Julie Christie,ACTRESS
Julie Christie,Julie Christie,ACTRESS
Julie Harris,Julie Harris,ACTRESS
Julie Walters,Julie Walters,ACTRESS IN A SUPPORTING ROLE
Julie Walters,Julie Walters,ACTRESS
Juliette Binoche,Juliette Binoche,ACTRESS
Juliette Binoche,Juliette Binoche,ACTRESS IN A SUPPORTING ROLE
Juliette Lewis,Juliette Lewis,ACTRESS IN A SUPPORTING ROLE
June Squibb,June Squibb,ACTRESS IN A SUPPORTING ROLE
Justin Henry,Justin Henry,ACTOR IN A SUPPORTING ROLE
Karen Black,Karen Black,ACTRESS IN A SUPPORTING ROLE
Karl Malden,Karl Malden,ACTOR IN A SUPPORTING ROLE
Karl Malden,Karl Malden,ACTOR IN A SUPPORTING ROLE
Kate Hudson,Kate Hudson,ACTRESS IN A SUPPORTING ROLE
Kate Nelligan,Kate Nelligan,ACTRESS IN A SUPPORTING ROLE
Kate Winslet,Kate Winslet,ACTRESS IN A SUPPORTING ROLE
Kate Winslet,Kate Winslet,ACTRESS
Kate Winslet,Kate Winslet,ACTRESS IN A SUPPORTING ROLE
Kate Winslet,Kate Winslet,ACTRESS IN A SUPPORTING ROLE
Kate Winslet,Kate Winslet,ACTRESS
Kate Winslet,Kate Winslet,ACTRESS
Kate Winslet,Kate Winslet,ACTRESS
Katharine Hepburn,Katharine Hepburn,ACTRESS
Katharine Hepburn,Katharine Hepburn,ACTRESS
Katharine Hepburn,Katharine Hepburn,ACTRESS
Katharine Hepburn,Katharine Hepburn,ACTRESS
Katharine Hepburn,Katharine Hepburn,ACTRESS
Katharine Hepburn,Katharine Hepburn,ACTRESS
Katharine Hepburn,Katharine Hepburn,ACTRESS
Katharine Hepburn,Katharine Hepburn,ACTRESS
Katharine Hepburn,Katharine Hepburn,ACTRESS
Katharine Hepburn,Katharine Hepburn,ACTRESS
Katharine Hepburn,Katharine Hepburn,ACTRESS
Katharine Hepburn,Katharine Hepburn,ACTRESS
Katharine Ross,Katharine Ross,ACTRESS IN A SUPPORTING ROLE
Kathleen Quinlan,Kathleen Quinlan,ACTRESS IN A SUPPORTING ROLE
Kathleen Turner,Kathleen Turner,ACTRESS
Kathryn Bigelow,Kathryn Bigelow,DIRECTING
Kathy Bates,Kathy Bates,ACTRESS IN A SUPPORTING ROLE
Kathy Bates,Kathy Bates,ACTRESS IN A SUPPORTING ROLE
Kathy Bates,Kathy Bates,ACTRESS IN A SUPPORTING ROLE
Kathy Bates,Kathy Bates,ACTRESS
Katina Paxinou,Katina Paxinou,ACTRESS IN A SUPPORTING ROLE
Katy Jurado,Katy Jurado,ACTRESS IN A SUPPORTING ROLE
Kay Medford,Kay Medford,ACTRESS IN A SUPPORTING ROLE
Keira Knightley,Keira Knightley,ACTRESS IN A SUPPORTING ROLE
Keira Knightley,Keira Knightley,ACTRESS
Keisha Castle-Hughes,Keisha Castle-Hughes,ACTRESS
Ken Russell,Ken Russell,DIRECTING
Ken Watanabe,Ken Watanabe,ACTOR IN A SUPPORTING ROLE
Kenneth Branagh,Kenneth Branagh,ACTOR
Kenneth Branagh,Kenneth Branagh,ACTOR IN A SUPPORTING ROLE
Kenneth Branagh,Kenneth Branagh,DIRECTING
Kenneth Lonergan,Kenneth Lonergan,DIRECTING
Kevin Costner,Kevin Costner,DIRECTING
Kevin Costner,Kevin Costner,ACTOR
Kevin Kline,Kevin Kline,ACTOR IN A SUPPORTING ROLE
Kevin McCarthy,Kevin McCarthy,ACTOR IN A SUPPORTING ROLE
Kevin Spacey,Kevin Spacey,ACTOR IN A SUPPORTING ROLE
Kevin Spacey,Kevin Spacey,ACTOR
Kim Basinger,Kim Basinger,ACTRESS IN A SUPPORTING ROLE
Kim Hunter,Kim Hunter,ACTRESS IN A SUPPORTING ROLE
Kim Stanley,Kim Stanley,ACTRESS IN A SUPPORTING ROLE
Kim Stanley,Kim Stanley,ACTRESS
King Vidor,King Vidor,DIRECTING
King Vidor,King Vidor,DIRECTING
King Vidor,King Vidor,DIRECTING
King Vidor,King Vidor,DIRECTING
King Vidor,King Vidor,DIRECTING
Kirk Douglas,Kirk Douglas,ACTOR
Kirk Douglas,Kirk Douglas,ACTOR
Kirk Douglas,Kirk Douglas,ACTOR
Klaus Maria Brandauer,Klaus Maria Brandauer,ACTOR IN A SUPPORTING ROLE
Kristin Scott Thomas,Kristin Scott Thomas,ACTRESS
Krzysztof Kieslowski,Krzysztof Kieslowski,DIRECTING
Lady Gaga,Lady Gaga,ACTRESS
Lana Turner,Lana Turner,ACTRESS
Larry Parks,Larry Parks,ACTOR
Lasse Hallström,Lasse Hallström,DIRECTING
Lasse Hallström,Lasse Hallström,DIRECTING
Laura Dern,Laura Dern,ACTRESS IN A SUPPORTING ROLE
Laura Dern,Laura Dern,ACTRESS
Laura Dern,Laura Dern,ACTRESS IN A SUPPORTING ROLE
Laura Linney,Laura Linney,ACTRESS
Laura Linney,Laura Linney,ACTRESS IN A SUPPORTING ROLE
Laura Linney,Laura Linney,ACTRESS
Lauren Bacall,Lauren Bacall,ACTRESS IN A SUPPORTING ROLE
Laurence Fishburne,Laurence Fishburne,ACTOR
Laurence Harvey,Laurence Harvey,ACTOR
Laurence Olivier,Laurence Olivier,ACTOR
Laurence Olivier,Laurence Olivier,ACTOR
Laurence Olivier,Laurence Olivier,ACTOR
Laurence Olivier,Laurence Olivier,ACTOR IN A SUPPORTING ROLE
Laurence Olivier,Laurence Olivier,ACTOR
Laurence Olivier,Laurence Olivier,ACTOR
Laurence Olivier,Laurence Olivier,ACTOR
Laurence Olivier,Laurence Olivier,DIRECTING
Laurence Olivier,Laurence Olivier,ACTOR
Laurence Olivier,Laurence Olivier,ACTOR
Laurie Metcalf,Laurie Metcalf,ACTRESS IN A SUPPORTING ROLE
Lawrence Tibbett,Lawrence Tibbett,ACTOR
Lee Daniels,Lee Daniels,DIRECTING
Lee Grant,Lee Grant,ACTRESS IN A SUPPORTING ROLE
Lee Grant,Lee Grant,ACTRESS IN A SUPPORTING ROLE
Lee Grant,Lee Grant,ACTRESS IN A SUPPORTING ROLE
Lee Grant,Lee Grant,ACTRESS IN A SUPPORTING ROLE
Lee J. Cobb,Lee J. Cobb,ACTOR IN A SUPPORTING ROLE
Lee J. Cobb,Lee J. Cobb,ACTOR IN A SUPPORTING ROLE
Lee Marvin,Lee Marvin,ACTOR
Lee Remick,Lee Remick,ACTRESS
Lee Strasberg,Lee Strasberg,ACTOR IN A SUPPORTING ROLE
Lee Tracy,Lee Tracy,ACTOR IN A SUPPORTING ROLE
Lena Olin,Lena Olin,ACTRESS IN A SUPPORTING ROLE
Lenny Abrahamson,Lenny Abrahamson,DIRECTING
Leo Genn,Leo Genn,ACTOR IN A SUPPORTING ROLE
Leo McCarey,Leo McCarey,DIRECTING
Leo McCarey,Leo McCarey,DIRECTING
Leo McCarey,Leo McCarey,DIRECTING
Leonard Frey,Leonard Frey,ACTOR IN A SUPPORTING ROLE
Leonardo DiCaprio,Leonardo DiCaprio,ACTOR
Leonardo DiCaprio,Leonardo DiCaprio,ACTOR
Leonardo DiCaprio,Leonardo DiCaprio,ACTOR
Leonardo DiCaprio,Leonardo DiCaprio,ACTOR
Leonardo DiCaprio,Leonardo DiCaprio,ACTOR IN A SUPPORTING ROLE
Leonardo DiCaprio,Leonardo DiCaprio,ACTOR
Lesley Ann Warren,Lesley Ann Warren,ACTRESS IN A SUPPORTING ROLE
Lesley Manville,Lesley Manville,ACTRESS IN A SUPPORTING ROLE
Leslie Browne,Leslie Browne,ACTRESS IN A SUPPORTING ROLE
Leslie Caron,Leslie Caron,ACTRESS
Leslie Caron,Leslie Caron,ACTRESS
Leslie Howard,Leslie Howard,ACTOR
Leslie Howard,Leslie Howard,ACTOR
Lew Ayres,Lew Ayres,ACTOR
Lewis Milestone,Lewis Milestone,DIRECTING
Lewis Milestone,Lewis Milestone,DIRECTING
Lewis Milestone,Lewis Milestone,DIRECTING
Lewis Stone,Lewis Stone,ACTOR
Liam Neeson,Liam Neeson,ACTOR
Lila Kedrova,Lila Kedrova,ACTRESS IN A SUPPORTING ROLE
Lilia Skala,Lilia Skala,ACTRESS IN A SUPPORTING ROLE
Lillian Gish,Lillian Gish,ACTRESS IN A SUPPORTING ROLE
Lily Tomlin,Lily Tomlin,ACTRESS IN A SUPPORTING ROLE
Lina Wertmüller,Lina Wertmüller,DIRECTING
Linda Blair,Linda Blair,ACTRESS IN A SUPPORTING ROLE
Linda Hunt,Linda Hunt,ACTRESS IN A SUPPORTING ROLE
Lindsay Crouse,Lindsay Crouse,ACTRESS IN A SUPPORTING ROLE
Lionel Barrymore,Lionel Barrymore,ACTOR
Lionel Barrymore,Lionel Barrymore,DIRECTING
Liv Ullmann,Liv Ullmann,ACTRESS
Liv Ullmann,Liv Ullmann,ACTRESS
Liza Minnelli,Liza Minnelli,ACTRESS
Liza Minnelli,Liza Minnelli,ACTRESS
Loretta Young,Loretta Young,ACTRESS
Loretta Young,Loretta Young,ACTRESS
Lorraine Bracco,Lorraine Bracco,ACTRESS IN A SUPPORTING ROLE
Lotte Lenya,Lotte Lenya,ACTRESS IN A SUPPORTING ROLE
Louis Calhern,Louis Calhern,ACTOR
Louis Gossett,Louis Gossett,ACTOR IN A SUPPORTING ROLE
Louis Malle,Louis Malle,DIRECTING
Louise Dresser,Louise Dresser,ACTRESS
Louise Fletcher,Louise Fletcher,ACTRESS
Lucas Hedges,Lucas Hedges,ACTOR IN A SUPPORTING ROLE
Lucile Watson,Lucile Watson,ACTRESS IN A SUPPORTING ROLE
Luise Rainer,Luise Rainer,ACTRESS
Luise Rainer,Luise Rainer,ACTRESS
Lupita Nyong'o,Lupita Nyong'o,ACTRESS IN A SUPPORTING ROLE
Lynn Carlin,Lynn Carlin,ACTRESS IN A SUPPORTING ROLE
Lynn Fontanne,Lynn Fontanne,ACTRESS
Lynn Redgrave,Lynn Redgrave,ACTRESS
Lynn Redgrave,Lynn Redgrave,ACTRESS IN A SUPPORTING ROLE
M. Night Shyamalan,M. Night Shyamalan,DIRECTING
Madeline Kahn,Madeline Kahn,ACTRESS IN A SUPPORTING ROLE
Madeline Kahn,Madeline Kahn,ACTRESS IN A SUPPORTING ROLE
Maggie Gyllenhaal,Maggie Gyllenhaal,ACTRESS IN A SUPPORTING ROLE
Maggie McNamara,Maggie McNamara,ACTRESS
Maggie Smith,Maggie Smith,ACTRESS
Maggie Smith,Maggie Smith,ACTRESS IN A SUPPORTING ROLE
Maggie Smith,Maggie Smith,ACTRESS IN A SUPPORTING ROLE
Maggie Smith,Maggie Smith,ACTRESS IN A SUPPORTING ROLE
Maggie Smith,Maggie Smith,ACTRESS IN A SUPPORTING ROLE
Maggie Smith,Maggie Smith,ACTRESS
Mahershala Ali,Mahershala Ali,ACTOR IN A SUPPORTING ROLE
Mahershala Ali,Mahershala Ali,ACTOR IN A SUPPORTING ROLE
Mako,Mako,ACTOR IN A SUPPORTING ROLE
Marcello Mastroianni,Marcello Mastroianni,ACTOR
Marcello Mastroianni,Marcello Mastroianni,ACTOR
Marcello Mastroianni,Marcello Mastroianni,ACTOR
Marcia Gay Harden,Marcia Gay Harden,ACTRESS IN A SUPPORTING ROLE
Marcia Gay Harden,Marcia Gay Harden,ACTRESS IN A SUPPORTING ROLE
Mare Winningham,Mare Winningham,ACTRESS IN A SUPPORTING ROLE
Margaret Avery,Margaret Avery,ACTRESS IN A SUPPORTING ROLE
Margaret Leighton,Margaret Leighton,ACTRESS IN A SUPPORTING ROLE
Margaret Rutherford,Margaret Rutherford,ACTRESS IN A SUPPORTING ROLE
Margaret Sullavan,Margaret Sullavan,ACTRESS
Margaret Wycherly,Margaret Wycherly,ACTRESS IN A SUPPORTING ROLE
Margot Robbie,Margot Robbie,ACTRESS IN A SUPPORTING ROLE
Margot Robbie,Margot Robbie,ACTRESS
Maria Ouspenskaya,Maria Ouspenskaya,ACTRESS IN A SUPPORTING ROLE
Maria Ouspenskaya,Maria Ouspenskaya,ACTRESS IN A SUPPORTING ROLE
Marianne Jean-Baptiste,Marianne Jean-Baptiste,ACTRESS IN A SUPPORTING ROLE
Marie Dressler,Marie Dressler,ACTRESS
Marie Dressler,Marie Dressler,ACTRESS
Marie-Christine Barrault,Marie-Christine Barrault,ACTRESS
Mariel Hemingway,Mariel Hemingway,ACTRESS IN A SUPPORTING ROLE
Marina de Tavira,Marina de Tavira,ACTRESS IN A SUPPORTING ROLE
Marion Cotillard,Marion Cotillard,ACTRESS
Marion Cotillard,Marion Cotillard,ACTRESS
Marisa Pavan,Marisa Pavan,ACTRESS IN A SUPPORTING ROLE
Marisa Tomei,Marisa Tomei,ACTRESS IN A SUPPORTING ROLE
Marisa Tomei,Marisa Tomei,ACTRESS IN A SUPPORTING ROLE
Marisa Tomei,Marisa Tomei,ACTRESS IN A SUPPORTING ROLE
Marjorie Main,Marjorie Main,ACTRESS IN A SUPPORTING ROLE
Marjorie Rambeau,Marjorie Rambeau,ACTRESS IN A SUPPORTING ROLE
Marjorie Rambeau,Marjorie Rambeau,ACTRESS IN A SUPPORTING ROLE
Mark Robson,Mark Robson,DIRECTING
Mark Robson,Mark Robson,DIRECTING
Mark Ruffalo,Mark Ruffalo,ACTOR IN A SUPPORTING ROLE
Mark Ruffalo,Mark Ruffalo,ACTOR IN A SUPPORTING ROLE
Mark Ruffalo,Mark Ruffalo,ACTOR IN A SUPPORTING ROLE
Mark Rydell,Mark Rydell,DIRECTING
Mark Rylance,Mark Rylance,ACTOR IN A SUPPORTING ROLE
Mark Wahlberg,Mark Wahlberg,ACTOR IN A SUPPORTING ROLE
Marlee Matlin,Marlee Matlin,ACTRESS
Marlene Dietrich,Marlene Dietrich,ACTRESS
Marlon Brando,Marlon Brando,ACTOR
Marlon Brando,Marlon Brando,ACTOR
Marlon Brando,Marlon Brando,ACTOR
Marlon Brando,Marlon Brando,ACTOR IN A SUPPORTING ROLE
Marlon Brando,Marlon Brando,ACTOR
Marlon Brando,Marlon Brando,ACTOR
Marlon Brando,Marlon Brando,ACTOR
Marlon Brando,Marlon Brando,ACTOR
Marsha Mason,Marsha Mason,ACTRESS
Marsha Mason,Marsha Mason,ACTRESS
Marsha Mason,Marsha Mason,ACTRESS
Marsha Mason,Marsha Mason,ACTRESS
Martha Hyer,Martha Hyer,ACTRESS IN A SUPPORTING ROLE
Martha Scott,Martha Scott,ACTRESS
Martin Balsam,Martin Balsam,ACTOR IN A SUPPORTING ROLE
Martin Brest,Martin Brest,DIRECTING
Martin Landau,Martin Landau,ACTOR IN A SUPPORTING ROLE
Martin Landau,Martin Landau,ACTOR IN A SUPPORTING ROLE
Martin Landau,Martin Landau,ACTOR IN A SUPPORTING ROLE
Martin Ritt,Martin Ritt,DIRECTING
Martin Scorsese,Martin Scorsese,DIRECTING
Martin Scorsese,Martin Scorsese,DIRECTING
Martin Scorsese,Martin Scorsese,DIRECTING
Martin Scorsese,Martin Scorsese,DIRECTING
Martin Scorsese,Martin Scorsese,DIRECTING
Martin Scorsese,Martin Scorsese,DIRECTING
Martin Scorsese,Martin Scorsese,DIRECTING
Martin Scorsese,Martin Scorsese,DIRECTING
Martin Scorsese,Martin Scorsese,DIRECTING
Mary Astor,Mary Astor,ACTRESS IN A SUPPORTING ROLE
Mary Badham,Mary Badham,ACTRESS IN A SUPPORTING ROLE
Mary Elizabeth Mastrantonio,Mary Elizabeth Mastrantonio,ACTRESS IN A SUPPORTING ROLE
Mary J. Blige,Mary J. Blige,ACTRESS IN A SUPPORTING ROLE
Mary McDonnell,Mary McDonnell,ACTRESS
Mary McDonnell,Mary McDonnell,ACTRESS IN A SUPPORTING ROLE
Mary Pickford,Mary Pickford,ACTRESS
Mary Steenburgen,Mary Steenburgen,ACTRESS IN A SUPPORTING ROLE
Mary Tyler Moore,Mary Tyler Moore,ACTRESS
Mary Ure,Mary Ure,ACTRESS IN A SUPPORTING ROLE
Massimo Troisi,Massimo Troisi,ACTOR
Matt Damon,Matt Damon,ACTOR IN A SUPPORTING ROLE
Matt Damon,Matt Damon,ACTOR
Matt Damon,Matt Damon,ACTOR
Matt Dillon,Matt Dillon,ACTOR IN A SUPPORTING ROLE
Matthew McConaughey,Matthew McConaughey,ACTOR
Maureen Stapleton,Maureen Stapleton,ACTRESS IN A SUPPORTING ROLE
Maureen Stapleton,Maureen Stapleton,ACTRESS IN A SUPPORTING ROLE
Maureen Stapleton,Maureen Stapleton,ACTRESS IN A SUPPORTING ROLE
Maureen Stapleton,Maureen Stapleton,ACTRESS IN A SUPPORTING ROLE
Maurice Chevalier,Maurice Chevalier,ACTOR
Max von Sydow,Max von Sydow,ACTOR IN A SUPPORTING ROLE
Max von Sydow,Max von Sydow,ACTOR
Maximilian Schell,Maximilian Schell,ACTOR
Maximilian Schell,Maximilian Schell,ACTOR
Maximilian Schell,Maximilian Schell,ACTOR IN A SUPPORTING ROLE
May Robson,May Robson,ACTRESS
Meg Tilly,Meg Tilly,ACTRESS IN A SUPPORTING ROLE
Mel Gibson,Mel Gibson,DIRECTING
Mel Gibson,Mel Gibson,DIRECTING
Melanie Griffith,Melanie Griffith,ACTRESS
Melina Mercouri,Melina Mercouri,ACTRESS
Melinda Dillon,Melinda Dillon,ACTRESS IN A SUPPORTING ROLE
Melinda Dillon,Melinda Dillon,ACTRESS IN A SUPPORTING ROLE
Melissa Leo,Melissa Leo,ACTRESS IN A SUPPORTING ROLE
Melissa Leo,Melissa Leo,ACTRESS
Melissa McCarthy,Melissa McCarthy,ACTRESS
Melissa McCarthy,Melissa McCarthy,ACTRESS IN A SUPPORTING ROLE
Melvyn Douglas,Melvyn Douglas,ACTOR IN A SUPPORTING ROLE
Melvyn Douglas,Melvyn Douglas,ACTOR IN A SUPPORTING ROLE
Melvyn Douglas,Melvyn Douglas,ACTOR
Mercedes McCambridge,Mercedes McCambridge,ACTRESS IN A SUPPORTING ROLE
Mercedes McCambridge,Mercedes McCambridge,ACTRESS IN A SUPPORTING ROLE
Mercedes Ruehl,Mercedes Ruehl,ACTRESS IN A SUPPORTING ROLE
Merle Oberon,Merle Oberon,ACTRESS
Mervyn LeRoy,Mervyn LeRoy,DIRECTING
Meryl Streep,Meryl Streep,ACTRESS
Meryl Streep,Meryl Streep,ACTRESS
Meryl Streep,Meryl Streep,ACTRESS
Meryl Streep,Meryl Streep,ACTRESS
Meryl Streep,Meryl Streep,ACTRESS
Meryl Streep,Meryl Streep,ACTRESS IN A SUPPORTING ROLE
Meryl Streep,Meryl Streep,ACTRESS
Meryl Streep,Meryl Streep,ACTRESS
Meryl Streep,Meryl Streep,ACTRESS
Meryl Streep,Meryl Streep,ACTRESS
Meryl Streep,Meryl Streep,ACTRESS
Meryl Streep,Meryl Streep,ACTRESS
Meryl Streep,Meryl Streep,ACTRESS
Meryl Streep,Meryl Streep,ACTRESS
Meryl Streep,Meryl Streep,ACTRESS
Meryl Streep,Meryl Streep,ACTRESS IN A SUPPORTING ROLE
Meryl Streep,Meryl Streep,ACTRESS IN A SUPPORTING ROLE
Meryl Streep,Meryl Streep,ACTRESS
Meryl Streep,Meryl Streep,ACTRESS IN A SUPPORTING ROLE
Meryl Streep,Meryl Streep,ACTRESS
Meryl Streep,Meryl Streep,ACTRESS
Michael Anderson,Michael Anderson,DIRECTING
Michael Cacoyannis,Michael Cacoyannis,DIRECTING
Michael Caine,Michael Caine,ACTOR IN A SUPPORTING ROLE
Michael Caine,Michael Caine,ACTOR
Michael Caine,Michael Caine,ACTOR
Michael Caine,Michael Caine,ACTOR
Michael Caine,Michael Caine,ACTOR
Michael Caine,Michael Caine,ACTOR IN A SUPPORTING ROLE
Michael Chekhov,Michael Chekhov,ACTOR IN A SUPPORTING ROLE
Michael Cimino,Michael Cimino,DIRECTING
Michael Clarke Duncan,Michael Clarke Duncan,ACTOR IN A SUPPORTING ROLE
Michael Curtiz,Michael Curtiz,DIRECTING
Michael Curtiz,Michael Curtiz,DIRECTING
Michael Curtiz,Michael Curtiz,DIRECTING
Michael Curtiz,Michael Curtiz,DIRECTING
Michael Curtiz,Michael Curtiz,DIRECTING
Michael Douglas,Michael Douglas,ACTOR
Michael Dunn,Michael Dunn,ACTOR IN A SUPPORTING ROLE
Michael Fassbender,Michael Fassbender,ACTOR IN A SUPPORTING ROLE
Michael Fassbender,Michael Fassbender,ACTOR
Michael Haneke,Michael Haneke,DIRECTING
Michael J. Pollard,Michael J. Pollard,ACTOR IN A SUPPORTING ROLE
Michael Keaton,Michael Keaton,ACTOR
Michael Lerner,Michael Lerner,ACTOR IN A SUPPORTING ROLE
Michael Mann,Michael Mann,DIRECTING
Michael O'Keefe,Michael O'Keefe,ACTOR IN A SUPPORTING ROLE
Michael Radford,Michael Radford,DIRECTING
Michael Redgrave,Michael Redgrave,ACTOR
Michael Shannon,Michael Shannon,ACTOR IN A SUPPORTING ROLE
Michael Shannon,Michael Shannon,ACTOR IN A SUPPORTING ROLE
Michael V. Gazzo,Michael V. Gazzo,ACTOR IN A SUPPORTING ROLE
Michel Hazanavicius,Michel Hazanavicius,DIRECTING
Michelangelo Antonioni,Michelangelo Antonioni,DIRECTING
Michelle Pfeiffer,Michelle Pfeiffer,ACTRESS
Michelle Pfeiffer,Michelle Pfeiffer,ACTRESS
Michelle Pfeiffer,Michelle Pfeiffer,ACTRESS IN A SUPPORTING ROLE
Michelle Williams,Michelle Williams,ACTRESS
Michelle Williams,Michelle Williams,ACTRESS
Michelle Williams,Michelle Williams,ACTRESS IN A SUPPORTING ROLE
Michelle Williams,Michelle Williams,ACTRESS IN A SUPPORTING ROLE
Mickey Rooney,Mickey Rooney,ACTOR IN A SUPPORTING ROLE
Mickey Rooney,Mickey Rooney,ACTOR IN A SUPPORTING ROLE
Mickey Rooney,Mickey Rooney,ACTOR
Mickey Rooney,Mickey Rooney,ACTOR
Mickey Rourke,Mickey Rourke,ACTOR
Mike Figgis,Mike Figgis,DIRECTING
Mike Leigh,Mike Leigh,DIRECTING
Mike Leigh,Mike Leigh,DIRECTING
Mike Nichols,Mike Nichols,DIRECTING
Mike Nichols,Mike Nichols,DIRECTING
Mike Nichols,Mike Nichols,DIRECTING
Mike Nichols,Mike Nichols,DIRECTING
Mikhail Baryshnikov,Mikhail Baryshnikov,ACTOR IN A SUPPORTING ROLE
Mildred Dunnock,Mildred Dunnock,ACTRESS IN A SUPPORTING ROLE
Mildred Dunnock,Mildred Dunnock,ACTRESS IN A SUPPORTING ROLE
Mildred Natwick,Mildred Natwick,ACTRESS IN A SUPPORTING ROLE
Miliza Korjus,Miliza Korjus,ACTRESS IN A SUPPORTING ROLE
Milos Forman,Milos Forman,DIRECTING
Milos Forman,Milos Forman,DIRECTING
Milos Forman,Milos Forman,DIRECTING
Minnie Driver,Minnie Driver,ACTRESS IN A SUPPORTING ROLE
Mira Sorvino,Mira Sorvino,ACTRESS IN A SUPPORTING ROLE
Miranda Richardson,Miranda Richardson,ACTRESS IN A SUPPORTING ROLE
Miranda Richardson,Miranda Richardson,ACTRESS
Miriam Hopkins,Miriam Hopkins,ACTRESS
Mischa Auer,Mischa Auer,ACTOR IN A SUPPORTING ROLE
Miyoshi Umeki,Miyoshi Umeki,ACTRESS IN A SUPPORTING ROLE
Mo'Nique,Mo'Nique,ACTRESS IN A SUPPORTING ROLE
Montgomery Clift,Montgomery Clift,ACTOR IN A SUPPORTING ROLE
Montgomery Clift,Montgomery Clift,ACTOR
Montgomery Clift,Montgomery Clift,ACTOR
Montgomery Clift,Montgomery Clift,ACTOR
Monty Woolley,Monty Woolley,ACTOR
Monty Woolley,Monty Woolley,ACTOR IN A SUPPORTING ROLE
Morgan Freeman,Morgan Freeman,ACTOR IN A SUPPORTING ROLE
Morgan Freeman,Morgan Freeman,ACTOR
Morgan Freeman,Morgan Freeman,ACTOR IN A SUPPORTING ROLE
Morgan Freeman,Morgan Freeman,ACTOR
Morgan Freeman,Morgan Freeman,ACTOR
Morten Tyldum,Morten Tyldum,DIRECTING
Nancy Carroll,Nancy Carroll,ACTRESS
Nancy Kelly,Nancy Kelly,ACTRESS
Nancy Olson,Nancy Olson,ACTRESS IN A SUPPORTING ROLE
Naomi Watts,Naomi Watts,ACTRESS
Naomi Watts,Naomi Watts,ACTRESS
Naomie Harris,Naomie Harris,ACTRESS IN A SUPPORTING ROLE
Natalie Portman,Natalie Portman,ACTRESS IN A SUPPORTING ROLE
Natalie Portman,Natalie Portman,ACTRESS
Natalie Portman,Natalie Portman,ACTRESS
Natalie Wood,Natalie Wood,ACTRESS
Natalie Wood,Natalie Wood,ACTRESS
Natalie Wood,Natalie Wood,ACTRESS IN A SUPPORTING ROLE
Ned Beatty,Ned Beatty,ACTOR IN A SUPPORTING ROLE
Neil Jordan,Neil Jordan,DIRECTING
Nick Adams,Nick Adams,ACTOR IN A SUPPORTING ROLE
Nick Nolte,Nick Nolte,ACTOR
Nick Nolte,Nick Nolte,ACTOR
Nick Nolte,Nick Nolte,ACTOR IN A SUPPORTING ROLE
Nicolas Cage,Nicolas Cage,ACTOR
Nicolas Cage,Nicolas Cage,ACTOR
Nicole Kidman,Nicole Kidman,ACTRESS IN A SUPPORTING ROLE
Nicole Kidman,Nicole Kidman,ACTRESS
Nicole Kidman,Nicole Kidman,ACTRESS
Nicole Kidman,Nicole Kidman,ACTRESS
Nigel Hawthorne,Nigel Hawthorne,ACTOR
Nina Foch,Nina Foch,ACTRESS IN A SUPPORTING ROLE
Noriyuki 'Pat' Morita,Noriyuki 'Pat' Morita,ACTOR IN A SUPPORTING ROLE
Norma Aleandro,Norma Aleandro,ACTRESS IN A SUPPORTING ROLE
Norma Shearer,Norma Shearer,ACTRESS
Norma Shearer,Norma Shearer,ACTRESS
Norma Shearer,Norma Shearer,ACTRESS
Norma Shearer,Norma Shearer,ACTRESS
Norma Shearer,Norma Shearer,ACTRESS
Norma Shearer,Norma Shearer,ACTRESS
Norman Jewison,Norman Jewison,DIRECTING
Norman Jewison,Norman Jewison,DIRECTING
Norman Jewison,Norman Jewison,DIRECTING
Norman Taurog,Norman Taurog,DIRECTING
Norman Taurog,Norman Taurog,DIRECTING
Octavia Spencer,Octavia Spencer,ACTRESS IN A SUPPORTING ROLE
Octavia Spencer,Octavia Spencer,ACTRESS IN A SUPPORTING ROLE
Octavia Spencer,Octavia Spencer,ACTRESS IN A SUPPORTING ROLE
Oliver Stone,Oliver Stone,DIRECTING
Oliver Stone,Oliver Stone,DIRECTING
Oliver Stone,Oliver Stone,DIRECTING
Olivia Colman,Olivia Colman,ACTRESS
Olivia de Havilland,Olivia de Havilland,ACTRESS
Olivia de Havilland,Olivia de Havilland,ACTRESS
Olivia de Havilland,Olivia de Havilland,ACTRESS
Olivia de Havilland,Olivia de Havilland,ACTRESS
Olivia de Havilland,Olivia de Havilland,ACTRESS IN A SUPPORTING ROLE
Olympia Dukakis,Olympia Dukakis,ACTRESS IN A SUPPORTING ROLE
Omar Sharif,Omar Sharif,ACTOR IN A SUPPORTING ROLE
Oprah Winfrey,Oprah Winfrey,ACTRESS IN A SUPPORTING ROLE
Orson Welles,Orson Welles,ACTOR
Orson Welles,Orson Welles,DIRECTING
Oscar Homolka,Oscar Homolka,ACTOR IN A SUPPORTING ROLE
Oskar Werner,Oskar Werner,ACTOR
Otto Preminger,Otto Preminger,DIRECTING
Otto Preminger,Otto Preminger,DIRECTING
Patricia Arquette,Patricia Arquette,ACTRESS IN A SUPPORTING ROLE
Patricia Clarkson,Patricia Clarkson,ACTRESS IN A SUPPORTING ROLE
Patricia Collinge,Patricia Collinge,ACTRESS IN A SUPPORTING ROLE
Patricia Neal,Patricia Neal,ACTRESS
Patricia Neal,Patricia Neal,ACTRESS
Patty Duke,Patty Duke,ACTRESS IN A SUPPORTING ROLE
Patty McCormack,Patty McCormack,ACTRESS IN A SUPPORTING ROLE
Paul Giamatti,Paul Giamatti,ACTOR IN A SUPPORTING ROLE
Paul Greengrass,Paul Greengrass,DIRECTING
Paul Haggis,Paul Haggis,DIRECTING
Paul Lukas,Paul Lukas,ACTOR
Paul Muni,Paul Muni,ACTOR
Paul Muni,Paul Muni,ACTOR
Paul Muni,Paul Muni,ACTOR
Paul Muni,Paul Muni,ACTOR
Paul Muni,Paul Muni,ACTOR
Paul Muni,Paul Muni,ACTOR
Paul Newman,Paul Newman,ACTOR
Paul Newman,Paul Newman,ACTOR
Paul Newman,Paul Newman,ACTOR
Paul Newman,Paul Newman,ACTOR
Paul Newman,Paul Newman,ACTOR IN A SUPPORTING ROLE
Paul Newman,Paul Newman,ACTOR
Paul Newman,Paul Newman,ACTOR
Paul Newman,Paul Newman,ACTOR
Paul Newman,Paul Newman,ACTOR
Paul Scofield,Paul Scofield,ACTOR IN A SUPPORTING ROLE
Paul Scofield,Paul Scofield,ACTOR
Paul Thomas Anderson,Paul Thomas Anderson,DIRECTING
Paul Thomas Anderson,Paul Thomas Anderson,DIRECTING
Paul Winfield,Paul Winfield,ACTOR
Paulette Goddard,Paulette Goddard,ACTRESS IN A SUPPORTING ROLE
Pauline Collins,Pauline Collins,ACTRESS
Pawel Pawlikowski,Pawel Pawlikowski,DIRECTING
Pedro Almodóvar,Pedro Almodóvar,DIRECTING
Peggy Ashcroft,Peggy Ashcroft,ACTRESS IN A SUPPORTING ROLE
Peggy Cass,Peggy Cass,ACTRESS IN A SUPPORTING ROLE
Peggy Lee,Peggy Lee,ACTRESS IN A SUPPORTING ROLE
Peggy Wood,Peggy Wood,ACTRESS IN A SUPPORTING ROLE
Penelope Milford,Penelope Milford,ACTRESS IN A SUPPORTING ROLE
Penélope Cruz,Penélope Cruz,ACTRESS
Penélope Cruz,Penélope Cruz,ACTRESS IN A SUPPORTING ROLE
Penélope Cruz,Penélope Cruz,ACTRESS IN A SUPPORTING ROLE
Pete Postlethwaite,Pete Postlethwaite,ACTOR IN A SUPPORTING ROLE
Peter Bogdanovich,Peter Bogdanovich,DIRECTING
Peter Cattaneo,Peter Cattaneo,DIRECTING
Peter Falk,Peter Falk,ACTOR IN A SUPPORTING ROLE
Peter Falk,Peter Falk,ACTOR IN A SUPPORTING ROLE
Peter Finch,Peter Finch,ACTOR
Peter Finch,Peter Finch,ACTOR
Peter Firth,Peter Firth,ACTOR IN A SUPPORTING ROLE
Peter Fonda,Peter Fonda,ACTOR
Peter Glenville,Peter Glenville,DIRECTING
Peter Jackson,Peter Jackson,DIRECTING
Peter Jackson,Peter Jackson,DIRECTING
Peter O'Toole,Peter O'Toole,ACTOR
Peter O'Toole,Peter O'Toole,ACTOR
Peter O'Toole,Peter O'Toole,ACTOR
Peter O'Toole,Peter O'Toole,ACTOR
Peter O'Toole,Peter O'Toole,ACTOR
Peter O'Toole,Peter O'Toole,ACTOR
Peter O'Toole,Peter O'Toole,ACTOR
Peter O'Toole,Peter O'Toole,ACTOR
Peter Sellers,Peter Sellers,ACTOR
Peter Sellers,Peter Sellers,ACTOR
Peter Ustinov,Peter Ustinov,ACTOR IN A SUPPORTING ROLE
Peter Ustinov,Peter Ustinov,ACTOR IN A SUPPORTING ROLE
Peter Ustinov,Peter Ustinov,ACTOR IN A SUPPORTING ROLE
Peter Weir,Peter Weir,DIRECTING
Peter Weir,Peter Weir,DIRECTING
Peter Weir,Peter Weir,DIRECTING
Peter Weir,Peter Weir,DIRECTING
Peter Yates,Peter Yates,DIRECTING
Peter Yates,Peter Yates,DIRECTING
Philip Seymour Hoffman,Philip Seymour Hoffman,ACTOR IN A SUPPORTING ROLE
Philip Seymour Hoffman,Philip Seymour Hoffman,ACTOR IN A SUPPORTING ROLE
Philip Seymour Hoffman,Philip Seymour Hoffman,ACTOR IN A SUPPORTING ROLE
Philip Seymour Hoffman,Philip Seymour Hoffman,ACTOR
Pietro Germi,Pietro Germi,DIRECTING
Piper Laurie,Piper Laurie,ACTRESS IN A SUPPORTING ROLE
Piper Laurie,Piper Laurie,ACTRESS
Piper Laurie,Piper Laurie,ACTRESS IN A SUPPORTING ROLE
Queen Latifah,Queen Latifah,ACTRESS IN A SUPPORTING ROLE
Quentin Tarantino,Quentin Tarantino,DIRECTING
Quentin Tarantino,Quentin Tarantino,DIRECTING
Quentin Tarantino,Quentin Tarantino,DIRECTING
Quinn Cummings,Quinn Cummings,ACTRESS IN A SUPPORTING ROLE
Quvenzhané Wallis,Quvenzhané Wallis,ACTRESS
Rachel Griffiths,Rachel Griffiths,ACTRESS IN A SUPPORTING ROLE
Rachel McAdams,Rachel McAdams,ACTRESS IN A SUPPORTING ROLE
Rachel Roberts,Rachel Roberts,ACTRESS
Rachel Weisz,Rachel Weisz,ACTRESS IN A SUPPORTING ROLE
Rachel Weisz,Rachel Weisz,ACTRESS IN A SUPPORTING ROLE
Ralph Bellamy,Ralph Bellamy,ACTOR IN A SUPPORTING ROLE
Ralph Fiennes,Ralph Fiennes,ACTOR
Ralph Fiennes,Ralph Fiennes,ACTOR IN A SUPPORTING ROLE
Ralph Richardson,Ralph Richardson,ACTOR IN A SUPPORTING ROLE
Ralph Richardson,Ralph Richardson,ACTOR IN A SUPPORTING ROLE
Rami Malek,Rami Malek,ACTOR
Randy Quaid,Randy Quaid,ACTOR IN A SUPPORTING ROLE
Ray Milland,Ray Milland,ACTOR
Raymond Massey,Raymond Massey,ACTOR
Red Buttons,Red Buttons,ACTOR IN A SUPPORTING ROLE
Reese Witherspoon,Reese Witherspoon,ACTRESS
Reese Witherspoon,Reese Witherspoon,ACTRESS
Regina King,Regina King,ACTRESS IN A SUPPORTING ROLE
Renée Zellweger,Renée Zellweger,ACTRESS
Renée Zellweger,Renée Zellweger,ACTRESS IN A SUPPORTING ROLE
Renée Zellweger,Renée Zellweger,ACTRESS
Renée Zellweger,Renée Zellweger,ACTRESS
Rex Harrison,Rex Harrison,ACTOR
Rex Harrison,Rex Harrison,ACTOR
Richard Attenborough,Richard Attenborough,DIRECTING
Richard Barthelmess,Richard Barthelmess,ACTOR
Richard Brooks,Richard Brooks,DIRECTING
Richard Brooks,Richard Brooks,DIRECTING
Richard Brooks,Richard Brooks,DIRECTING
Richard Burton,Richard Burton,ACTOR IN A SUPPORTING ROLE
Richard Burton,Richard Burton,ACTOR
Richard Burton,Richard Burton,ACTOR
Richard Burton,Richard Burton,ACTOR
Richard Burton,Richard Burton,ACTOR
Richard Burton,Richard Burton,ACTOR
Richard Burton,Richard Burton,ACTOR
Richard Castellano,Richard Castellano,ACTOR IN A SUPPORTING ROLE
Richard Dix,Richard Dix,ACTOR
Richard Dreyfuss,Richard Dreyfuss,ACTOR
Richard Dreyfuss,Richard Dreyfuss,ACTOR
Richard E. Grant,Richard E. Grant,ACTOR IN A SUPPORTING ROLE
Richard Farnsworth,Richard Farnsworth,ACTOR
Richard Farnsworth,Richard Farnsworth,ACTOR IN A SUPPORTING ROLE
Richard Harris,Richard Harris,ACTOR
Richard Harris,Richard Harris,ACTOR
Richard Jaeckel,Richard Jaeckel,ACTOR IN A SUPPORTING ROLE
Richard Jenkins,Richard Jenkins,ACTOR IN A SUPPORTING ROLE
Richard Jenkins,Richard Jenkins,ACTOR
Richard Linklater,Richard Linklater,DIRECTING
Richard Rush,Richard Rush,DIRECTING
Richard Todd,Richard Todd,ACTOR
Richard Widmark,Richard Widmark,ACTOR IN A SUPPORTING ROLE
Ridley Scott,Ridley Scott,DIRECTING
Ridley Scott,Ridley Scott,DIRECTING
Ridley Scott,Ridley Scott,DIRECTING
Rinko Kikuchi,Rinko Kikuchi,ACTRESS IN A SUPPORTING ROLE
Rip Torn,Rip Torn,ACTOR IN A SUPPORTING ROLE
Rita Moreno,Rita Moreno,ACTRESS IN A SUPPORTING ROLE
River Phoenix,River Phoenix,ACTOR IN A SUPPORTING ROLE
Rob Marshall,Rob Marshall,DIRECTING
Robert Altman,Robert Altman,DIRECTING
Robert Altman,Robert Altman,DIRECTING
Robert Altman,Robert Altman,DIRECTING
Robert Altman,Robert Altman,DIRECTING
Robert Altman,Robert Altman,DIRECTING
Robert Benton,Robert Benton,DIRECTING
Robert Benton,Robert Benton,DIRECTING
Robert De Niro,Robert De Niro,ACTOR IN A SUPPORTING ROLE
Robert De Niro,Robert De Niro,ACTOR
Robert De Niro,Robert De Niro,ACTOR
Robert De Niro,Robert De Niro,ACTOR
Robert De Niro,Robert De Niro,ACTOR
Robert De Niro,Robert De Niro,ACTOR
Robert De Niro,Robert De Niro,ACTOR IN A SUPPORTING ROLE
Robert Donat,Robert Donat,ACTOR
Robert Donat,Robert Donat,ACTOR
Robert Downey,Robert Downey,ACTOR IN A SUPPORTING ROLE
Robert Downey ,Robert Downey,ACTOR
Robert Duvall,Robert Duvall,ACTOR IN A SUPPORTING ROLE
Robert Duvall,Robert Duvall,ACTOR
Robert Duvall,Robert Duvall,ACTOR IN A SUPPORTING ROLE
Robert Duvall,Robert Duvall,ACTOR IN A SUPPORTING ROLE
Robert Duvall,Robert Duvall,ACTOR
Robert Duvall,Robert Duvall,ACTOR IN A SUPPORTING ROLE
Robert Duvall,Robert Duvall,ACTOR
Robert Forster,Robert Forster,ACTOR IN A SUPPORTING ROLE
Robert Leonard,Robert Leonard,DIRECTING
Robert Loggia,Robert Loggia,ACTOR IN A SUPPORTING ROLE
Robert Mitchum,Robert Mitchum,ACTOR IN A SUPPORTING ROLE
Robert Montgomery,Robert Montgomery,ACTOR
Robert Montgomery,Robert Montgomery,ACTOR
Robert Morley,Robert Morley,ACTOR IN A SUPPORTING ROLE
Robert Mulligan,Robert Mulligan,DIRECTING
Robert Preston,Robert Preston,ACTOR IN A SUPPORTING ROLE
Robert Redford,Robert Redford,DIRECTING
Robert Redford,Robert Redford,ACTOR
Robert Redford,Robert Redford,DIRECTING
Robert Rossen,Robert Rossen,DIRECTING
Robert Rossen,Robert Rossen,DIRECTING
Robert Ryan,Robert Ryan,ACTOR IN A SUPPORTING ROLE
Robert Shaw,Robert Shaw,ACTOR IN A SUPPORTING ROLE
Robert Siodmak,Robert Siodmak,DIRECTING
Robert Stack,Robert Stack,ACTOR IN A SUPPORTING ROLE
Robert Stevenson,Robert Stevenson,DIRECTING
Robert Strauss,Robert Strauss,ACTOR IN A SUPPORTING ROLE
Robert Vaughn,Robert Vaughn,ACTOR IN A SUPPORTING ROLE
Robert Wise,Robert Wise,DIRECTING
Robert Wise,Robert Wise,DIRECTING
"Robert Wise, Jerome Robbins","Robert Wise, Jerome Robbins",DIRECTING
Robert Z. Leonard,Robert Z. Leonard,DIRECTING
Robert Zemeckis,Robert Zemeckis,DIRECTING
Roberto Benigni,Roberto Benigni,ACTOR
Roberto Benigni,Roberto Benigni,DIRECTING
Robin Williams,Robin Williams,ACTOR
Robin Williams,Robin Williams,ACTOR IN A SUPPORTING ROLE
Robin Williams,Robin Williams,ACTOR
Robin Williams,Robin Williams,ACTOR
Rock Hudson,Rock Hudson,ACTOR
Rod Steiger,Rod Steiger,ACTOR
Rod Steiger,Rod Steiger,ACTOR IN A SUPPORTING ROLE
Rod Steiger,Rod Steiger,ACTOR
Roland Joffé,Roland Joffé,DIRECTING
Roland Joffé,Roland Joffé,DIRECTING
Roland Young,Roland Young,ACTOR IN A SUPPORTING ROLE
Roman Polanski,Roman Polanski,DIRECTING
Roman Polanski,Roman Polanski,DIRECTING
Roman Polanski,Roman Polanski,DIRECTING
Ron Howard,Ron Howard,DIRECTING
Ron Howard,Ron Howard,DIRECTING
Ron Moody,Ron Moody,ACTOR
Ronald Colman,Ronald Colman,ACTOR
Ronald Colman,Ronald Colman,ACTOR
Ronald Colman,Ronald Colman,ACTOR
Ronee Blakley,Ronee Blakley,ACTRESS IN A SUPPORTING ROLE
Rooney Mara,Rooney Mara,ACTRESS IN A SUPPORTING ROLE
Rooney Mara,Rooney Mara,ACTRESS
Rosalind Russell,Rosalind Russell,ACTRESS
Rosalind Russell,Rosalind Russell,ACTRESS
Rosalind Russell,Rosalind Russell,ACTRESS
Rosalind Russell,Rosalind Russell,ACTRESS
Rosamund Pike,Rosamund Pike,ACTRESS
Rosemary Harris,Rosemary Harris,ACTRESS IN A SUPPORTING ROLE
Rosie Perez,Rosie Perez,ACTRESS IN A SUPPORTING ROLE
Roy Scheider,Roy Scheider,ACTOR IN A SUPPORTING ROLE
Roy Scheider,Roy Scheider,ACTOR
Ruby Dee,Ruby Dee,ACTRESS IN A SUPPORTING ROLE
Rupert Crosse,Rupert Crosse,ACTOR IN A SUPPORTING ROLE
Russ Tamblyn,Russ Tamblyn,ACTOR IN A SUPPORTING ROLE
Russell Crowe,Russell Crowe,ACTOR
Russell Crowe,Russell Crowe,ACTOR
Russell Crowe,Russell Crowe,ACTOR
Ruth Chatterton,Ruth Chatterton,ACTRESS
Ruth Chatterton,Ruth Chatterton,ACTRESS
Ruth Gordon,Ruth Gordon,ACTRESS IN A SUPPORTING ROLE
Ruth Gordon,Ruth Gordon,ACTRESS IN A SUPPORTING ROLE
Ruth Hussey,Ruth Hussey,ACTRESS IN A SUPPORTING ROLE
Ruth Negga,Ruth Negga,ACTRESS
Ryan Gosling,Ryan Gosling,ACTOR
Ryan Gosling,Ryan Gosling,ACTOR
Ryan O'Neal,Ryan O'Neal,ACTOR
Sal Mineo,Sal Mineo,ACTOR IN A SUPPORTING ROLE
Sal Mineo,Sal Mineo,ACTOR IN A SUPPORTING ROLE
Sally Field,Sally Field,ACTRESS
Sally Field,Sally Field,ACTRESS
Sally Field,Sally Field,ACTRESS IN A SUPPORTING ROLE
Sally Hawkins,Sally Hawkins,ACTRESS
Sally Hawkins,Sally Hawkins,ACTRESS IN A SUPPORTING ROLE
Sally Kellerman,Sally Kellerman,ACTRESS IN A SUPPORTING ROLE
Sally Kirkland,Sally Kirkland,ACTRESS
Salma Hayek,Salma Hayek,ACTRESS
Sam Elliott,Sam Elliott,ACTOR IN A SUPPORTING ROLE
Sam Jaffe,Sam Jaffe,ACTOR IN A SUPPORTING ROLE
Sam Mendes,Sam Mendes,DIRECTING
Sam Mendes,Sam Mendes,DIRECTING
Sam Rockwell,Sam Rockwell,ACTOR IN A SUPPORTING ROLE
Sam Rockwell,Sam Rockwell,ACTOR IN A SUPPORTING ROLE
Sam Shepard,Sam Shepard,ACTOR IN A SUPPORTING ROLE
Sam Waterston,Sam Waterston,ACTOR
Sam Wood,Sam Wood,DIRECTING
Sam Wood,Sam Wood,DIRECTING
Sam Wood,Sam Wood,DIRECTING
Samantha Eggar,Samantha Eggar,ACTRESS
Samantha Morton,Samantha Morton,ACTRESS
Samantha Morton,Samantha Morton,ACTRESS IN A SUPPORTING ROLE
Samuel L. Jackson,Samuel L. Jackson,ACTOR IN A SUPPORTING ROLE
Sandra Bullock,Sandra Bullock,ACTRESS
Sandra Bullock,Sandra Bullock,ACTRESS
Sandy Dennis,Sandy Dennis,ACTRESS IN A SUPPORTING ROLE
Saoirse Ronan,Saoirse Ronan,ACTRESS
Saoirse Ronan,Saoirse Ronan,ACTRESS IN A SUPPORTING ROLE
Saoirse Ronan,Saoirse Ronan,ACTRESS
Saoirse Ronan,Saoirse Ronan,ACTRESS
Sara Allgood,Sara Allgood,ACTRESS IN A SUPPORTING ROLE
Sarah Miles,Sarah Miles,ACTRESS
Scarlett Johansson,Scarlett Johansson,ACTRESS
Scarlett Johansson,Scarlett Johansson,ACTRESS IN A SUPPORTING ROLE
Scott Hicks,Scott Hicks,DIRECTING
Sean Connery,Sean Connery,ACTOR IN A SUPPORTING ROLE
Sean Penn,Sean Penn,ACTOR
Sean Penn,Sean Penn,ACTOR
Sean Penn,Sean Penn,ACTOR
Sean Penn,Sean Penn,ACTOR
Sean Penn,Sean Penn,ACTOR
Sessue Hayakawa,Sessue Hayakawa,ACTOR IN A SUPPORTING ROLE
Seymour Cassel,Seymour Cassel,ACTOR IN A SUPPORTING ROLE
Sharon Stone,Sharon Stone,ACTRESS
Shelley Winters,Shelley Winters,ACTRESS IN A SUPPORTING ROLE
Shelley Winters,Shelley Winters,ACTRESS IN A SUPPORTING ROLE
Shelley Winters,Shelley Winters,ACTRESS
Shelley Winters,Shelley Winters,ACTRESS IN A SUPPORTING ROLE
Shirley Booth,Shirley Booth,ACTRESS
Shirley Jones,Shirley Jones,ACTRESS IN A SUPPORTING ROLE
Shirley Knight,Shirley Knight,ACTRESS IN A SUPPORTING ROLE
Shirley Knight,Shirley Knight,ACTRESS IN A SUPPORTING ROLE
Shirley MacLaine,Shirley MacLaine,ACTRESS
Shirley MacLaine,Shirley MacLaine,ACTRESS
Shirley MacLaine,Shirley MacLaine,ACTRESS
Shirley MacLaine,Shirley MacLaine,ACTRESS
Shirley MacLaine,Shirley MacLaine,ACTRESS
Shohreh Aghdashloo,Shohreh Aghdashloo,ACTRESS IN A SUPPORTING ROLE
Sidney Franklin,Sidney Franklin,DIRECTING
Sidney Lumet,Sidney Lumet,DIRECTING
Sidney Lumet,Sidney Lumet,DIRECTING
Sidney Lumet,Sidney Lumet,DIRECTING
Sidney Lumet,Sidney Lumet,DIRECTING
Sidney Poitier,Sidney Poitier,ACTOR
Sidney Poitier,Sidney Poitier,ACTOR
Sigourney Weaver,Sigourney Weaver,ACTRESS IN A SUPPORTING ROLE
Sigourney Weaver,Sigourney Weaver,ACTRESS
Sigourney Weaver,Sigourney Weaver,ACTRESS
Simone Signoret,Simone Signoret,ACTRESS
Simone Signoret,Simone Signoret,ACTRESS
Sir Laurence Olivier,Sir Laurence Olivier,ACTOR
Sissy Spacek,Sissy Spacek,ACTRESS
Sissy Spacek,Sissy Spacek,ACTRESS
Sissy Spacek,Sissy Spacek,ACTRESS
Sissy Spacek,Sissy Spacek,ACTRESS
Sissy Spacek,Sissy Spacek,ACTRESS
Sissy Spacek,Sissy Spacek,ACTRESS
Sofia Coppola,Sofia Coppola,DIRECTING
Sondra Locke,Sondra Locke,ACTRESS IN A SUPPORTING ROLE
Sophia Loren,Sophia Loren,ACTRESS
Sophia Loren,Sophia Loren,ACTRESS
Sophie Okonedo,Sophie Okonedo,ACTRESS IN A SUPPORTING ROLE
Spencer Tracy,Spencer Tracy,ACTOR
Spencer Tracy,Spencer Tracy,ACTOR
Spencer Tracy,Spencer Tracy,ACTOR
Spencer Tracy,Spencer Tracy,ACTOR
Spencer Tracy,Spencer Tracy,ACTOR
Spencer Tracy,Spencer Tracy,ACTOR
Spencer Tracy,Spencer Tracy,ACTOR
Spencer Tracy,Spencer Tracy,ACTOR
Spencer Tracy,Spencer Tracy,ACTOR
Spike Jonze,Spike Jonze,DIRECTING
Spike Lee,Spike Lee,DIRECTING
Spring Byington,Spring Byington,ACTRESS IN A SUPPORTING ROLE
Stanley Holloway,Stanley Holloway,ACTOR IN A SUPPORTING ROLE
Stanley Kramer,Stanley Kramer,DIRECTING
Stanley Kramer,Stanley Kramer,DIRECTING
Stanley Kramer,Stanley Kramer,DIRECTING
Stanley Kubrick,Stanley Kubrick,DIRECTING
Stanley Kubrick,Stanley Kubrick,DIRECTING
Stanley Kubrick,Stanley Kubrick,DIRECTING
Stanley Kubrick,Stanley Kubrick,DIRECTING
Stanley Tucci,Stanley Tucci,ACTOR IN A SUPPORTING ROLE
Stephen Daldry,Stephen Daldry,DIRECTING
Stephen Daldry,Stephen Daldry,DIRECTING
Stephen Daldry,Stephen Daldry,DIRECTING
Stephen Frears,Stephen Frears,DIRECTING
Stephen Frears,Stephen Frears,DIRECTING
Stephen Rea,Stephen Rea,ACTOR
Steve Carell,Steve Carell,ACTOR
Steve McQueen,Steve McQueen,DIRECTING
Steve McQueen,Steve McQueen,ACTOR
Steven Soderbergh,Steven Soderbergh,DIRECTING
Steven Soderbergh,Steven Soderbergh,DIRECTING
Steven Spielberg,Steven Spielberg,DIRECTING
Steven Spielberg,Steven Spielberg,DIRECTING
Steven Spielberg,Steven Spielberg,DIRECTING
Steven Spielberg,Steven Spielberg,DIRECTING
Steven Spielberg,Steven Spielberg,DIRECTING
Steven Spielberg,Steven Spielberg,DIRECTING
Steven Spielberg,Steven Spielberg,DIRECTING
Stockard Channing,Stockard Channing,ACTRESS
Stuart Erwin,Stuart Erwin,ACTOR IN A SUPPORTING ROLE
Stuart Whitman,Stuart Whitman,ACTOR
Susan Hayward,Susan Hayward,ACTRESS
Susan Hayward,Susan Hayward,ACTRESS
Susan Hayward,Susan Hayward,ACTRESS
Susan Hayward,Susan Hayward,ACTRESS
Susan Hayward,Susan Hayward,ACTRESS
Susan Kohner,Susan Kohner,ACTRESS IN A SUPPORTING ROLE
Susan Peters,Susan Peters,ACTRESS IN A SUPPORTING ROLE
Susan Sarandon,Susan Sarandon,ACTRESS
Susan Sarandon,Susan Sarandon,ACTRESS
Susan Sarandon,Susan Sarandon,ACTRESS
Susan Sarandon,Susan Sarandon,ACTRESS
Susan Sarandon,Susan Sarandon,ACTRESS
Susan Tyrrell,Susan Tyrrell,ACTRESS IN A SUPPORTING ROLE
Susannah York,Susannah York,ACTRESS IN A SUPPORTING ROLE
Sydney Greenstreet,Sydney Greenstreet,ACTOR IN A SUPPORTING ROLE
Sydney Pollack,Sydney Pollack,DIRECTING
Sydney Pollack,Sydney Pollack,DIRECTING
Sydney Pollack,Sydney Pollack,DIRECTING
Sylvester Stallone,Sylvester Stallone,ACTOR
Sylvester Stallone,Sylvester Stallone,ACTOR IN A SUPPORTING ROLE
Sylvia Miles,Sylvia Miles,ACTRESS IN A SUPPORTING ROLE
Sylvia Miles,Sylvia Miles,ACTRESS IN A SUPPORTING ROLE
Sylvia Sidney,Sylvia Sidney,ACTRESS IN A SUPPORTING ROLE
Talia Shire,Talia Shire,ACTRESS IN A SUPPORTING ROLE
Talia Shire,Talia Shire,ACTRESS
Taraji P. Henson,Taraji P. Henson,ACTRESS IN A SUPPORTING ROLE
Tatum O'Neal,Tatum O'Neal,ACTRESS IN A SUPPORTING ROLE
Taylor Hackford,Taylor Hackford,DIRECTING
Ted Wilde,Ted Wilde,DIRECTING
Telly Savalas,Telly Savalas,ACTOR IN A SUPPORTING ROLE
Terence Stamp,Terence Stamp,ACTOR IN A SUPPORTING ROLE
Teresa Wright,Teresa Wright,ACTRESS IN A SUPPORTING ROLE
Teresa Wright,Teresa Wright,ACTRESS
Teresa Wright,Teresa Wright,ACTRESS IN A SUPPORTING ROLE
Teri Garr,Teri Garr,ACTRESS IN A SUPPORTING ROLE
Terrence Howard,Terrence Howard,ACTOR
Terrence Malick,Terrence Malick,DIRECTING
Terrence Malick,Terrence Malick,DIRECTING
Terry Moore,Terry Moore,ACTRESS IN A SUPPORTING ROLE
Tess Harper,Tess Harper,ACTRESS IN A SUPPORTING ROLE
Thelma Ritter,Thelma Ritter,ACTRESS IN A SUPPORTING ROLE
Thelma Ritter,Thelma Ritter,ACTRESS IN A SUPPORTING ROLE
Thelma Ritter,Thelma Ritter,ACTRESS IN A SUPPORTING ROLE
Thelma Ritter,Thelma Ritter,ACTRESS IN A SUPPORTING ROLE
Thelma Ritter,Thelma Ritter,ACTRESS IN A SUPPORTING ROLE
Thelma Ritter,Thelma Ritter,ACTRESS IN A SUPPORTING ROLE
Theodore Bikel,Theodore Bikel,ACTOR IN A SUPPORTING ROLE
Thomas Gomez,Thomas Gomez,ACTOR IN A SUPPORTING ROLE
Thomas Haden Church,Thomas Haden Church,ACTOR IN A SUPPORTING ROLE
Thomas Mitchell,Thomas Mitchell,ACTOR IN A SUPPORTING ROLE
Thomas Mitchell,Thomas Mitchell,ACTOR IN A SUPPORTING ROLE
Tilda Swinton,Tilda Swinton,ACTRESS IN A SUPPORTING ROLE
Tim Robbins,Tim Robbins,DIRECTING
Tim Robbins,Tim Robbins,ACTOR IN A SUPPORTING ROLE
Tim Roth,Tim Roth,ACTOR IN A SUPPORTING ROLE
Timothy Hutton,Timothy Hutton,ACTOR IN A SUPPORTING ROLE
Timothée Chalamet,Timothée Chalamet,ACTOR
Todd Phillips,Todd Phillips,DIRECTING
Tom Berenger,Tom Berenger,ACTOR IN A SUPPORTING ROLE
Tom Conti,Tom Conti,ACTOR
Tom Courtenay,Tom Courtenay,ACTOR
Tom Courtenay,Tom Courtenay,ACTOR IN A SUPPORTING ROLE
Tom Cruise,Tom Cruise,ACTOR
Tom Cruise,Tom Cruise,ACTOR
Tom Cruise,Tom Cruise,ACTOR IN A SUPPORTING ROLE
Tom Hanks,Tom Hanks,ACTOR
Tom Hanks,Tom Hanks,ACTOR
Tom Hanks,Tom Hanks,ACTOR IN A SUPPORTING ROLE
Tom Hanks,Tom Hanks,ACTOR
Tom Hanks,Tom Hanks,ACTOR
Tom Hanks,Tom Hanks,ACTOR
Tom Hardy,Tom Hardy,ACTOR IN A SUPPORTING ROLE
Tom Hooper,Tom Hooper,DIRECTING
Tom Hulce,Tom Hulce,ACTOR
Tom McCarthy,Tom McCarthy,DIRECTING
Tom Tully,Tom Tully,ACTOR IN A SUPPORTING ROLE
Tom Wilkinson,Tom Wilkinson,ACTOR IN A SUPPORTING ROLE
Tom Wilkinson,Tom Wilkinson,ACTOR
Tommy Lee Jones,Tommy Lee Jones,ACTOR IN A SUPPORTING ROLE
Tommy Lee Jones,Tommy Lee Jones,ACTOR IN A SUPPORTING ROLE
Tommy Lee Jones,Tommy Lee Jones,ACTOR
Tommy Lee Jones,Tommy Lee Jones,ACTOR IN A SUPPORTING ROLE
Toni Collette,Toni Collette,ACTRESS IN A SUPPORTING ROLE
Tony Curtis,Tony Curtis,ACTOR
Tony Gilroy,Tony Gilroy,DIRECTING
Tony Richardson,Tony Richardson,DIRECTING
Topol,Topol,ACTOR
Trevor Howard,Trevor Howard,ACTOR
Tuesday Weld,Tuesday Weld,ACTRESS IN A SUPPORTING ROLE
Uma Thurman,Uma Thurman,ACTRESS IN A SUPPORTING ROLE
Una Merkel,Una Merkel,ACTRESS IN A SUPPORTING ROLE
Valentina Cortese,Valentina Cortese,ACTRESS IN A SUPPORTING ROLE
Valerie Perrine,Valerie Perrine,ACTRESS
Van Heflin,Van Heflin,ACTOR IN A SUPPORTING ROLE
Vanessa Redgrave,Vanessa Redgrave,ACTRESS IN A SUPPORTING ROLE
Vanessa Redgrave,Vanessa Redgrave,ACTRESS IN A SUPPORTING ROLE
Vanessa Redgrave,Vanessa Redgrave,ACTRESS
Vanessa Redgrave,Vanessa Redgrave,ACTRESS
Vanessa Redgrave,Vanessa Redgrave,ACTRESS
Vanessa Redgrave,Vanessa Redgrave,ACTRESS
Vera Farmiga,Vera Farmiga,ACTRESS IN A SUPPORTING ROLE
Victor Buono,Victor Buono,ACTOR IN A SUPPORTING ROLE
Victor Fleming,Victor Fleming,DIRECTING
Victor McLaglen,Victor McLaglen,ACTOR
Victor McLaglen,Victor McLaglen,ACTOR IN A SUPPORTING ROLE
Victor Schertzinger,Victor Schertzinger,DIRECTING
Viggo Mortensen,Viggo Mortensen,ACTOR
Viggo Mortensen,Viggo Mortensen,ACTOR
Viggo Mortensen,Viggo Mortensen,ACTOR
Vincent Gardenia,Vincent Gardenia,ACTOR IN A SUPPORTING ROLE
Vincent Gardenia,Vincent Gardenia,ACTOR IN A SUPPORTING ROLE
Vincente Minnelli,Vincente Minnelli,DIRECTING
Vincente Minnelli,Vincente Minnelli,DIRECTING
Viola Davis,Viola Davis,ACTRESS
Viola Davis,Viola Davis,ACTRESS IN A SUPPORTING ROLE
Viola Davis,Viola Davis,ACTRESS IN A SUPPORTING ROLE
Virginia Madsen,Virginia Madsen,ACTRESS IN A SUPPORTING ROLE
Vittorio De Sica,Vittorio De Sica,ACTOR IN A SUPPORTING ROLE
Vivien Leigh,Vivien Leigh,ACTRESS
Vivien Leigh,Vivien Leigh,ACTRESS
Vivien Merchant,Vivien Merchant,ACTRESS IN A SUPPORTING ROLE
W. S. Van Dyke,W. S. Van Dyke,DIRECTING
W. S. Van Dyke,W. S. Van Dyke,DIRECTING
Wallace Beery,Wallace Beery,ACTOR
Wallace Beery,Wallace Beery,ACTOR
Walter Brennan,Walter Brennan,ACTOR IN A SUPPORTING ROLE
Walter Brennan,Walter Brennan,ACTOR IN A SUPPORTING ROLE
Walter Brennan,Walter Brennan,ACTOR IN A SUPPORTING ROLE
Walter Brennan,Walter Brennan,ACTOR IN A SUPPORTING ROLE
Walter Huston,Walter Huston,ACTOR IN A SUPPORTING ROLE
Walter Huston,Walter Huston,ACTOR
Walter Huston,Walter Huston,ACTOR
Walter Huston,Walter Huston,ACTOR IN A SUPPORTING ROLE
Walter Lang,Walter Lang,DIRECTING
Walter Matthau,Walter Matthau,ACTOR
Walter Matthau,Walter Matthau,ACTOR IN A SUPPORTING ROLE
Walter Matthau,Walter Matthau,ACTOR
Walter Pidgeon,Walter Pidgeon,ACTOR
Walter Pidgeon,Walter Pidgeon,ACTOR
Warner Baxter,Warner Baxter,ACTOR
Warren Beatty,Warren Beatty,ACTOR
Warren Beatty,Warren Beatty,DIRECTING
Warren Beatty,Warren Beatty,ACTOR
Warren Beatty,Warren Beatty,ACTOR
Warren Beatty,Warren Beatty,ACTOR
Warren Beatty,Warren Beatty,DIRECTING
Wendy Hiller,Wendy Hiller,ACTRESS
Wendy Hiller,Wendy Hiller,ACTRESS IN A SUPPORTING ROLE
Wendy Hiller,Wendy Hiller,ACTRESS IN A SUPPORTING ROLE
Wes Anderson,Wes Anderson,DIRECTING
Wesley Ruggles,Wesley Ruggles,DIRECTING
Whoopi Goldberg,Whoopi Goldberg,ACTRESS
Whoopi Goldberg,Whoopi Goldberg,ACTRESS IN A SUPPORTING ROLE
Will Smith,Will Smith,ACTOR
Will Smith,Will Smith,ACTOR
Willem Dafoe,Willem Dafoe,ACTOR IN A SUPPORTING ROLE
Willem Dafoe,Willem Dafoe,ACTOR
Willem Dafoe,Willem Dafoe,ACTOR IN A SUPPORTING ROLE
Willem Dafoe,Willem Dafoe,ACTOR IN A SUPPORTING ROLE
William A. Wellman,William A. Wellman,DIRECTING
William Bendix,William Bendix,ACTOR IN A SUPPORTING ROLE
William Demarest,William Demarest,ACTOR IN A SUPPORTING ROLE
William Dieterle,William Dieterle,DIRECTING
William Friedkin,William Friedkin,DIRECTING
William Friedkin,William Friedkin,DIRECTING
William Gargan,William Gargan,ACTOR IN A SUPPORTING ROLE
William H. Macy,William H. Macy,ACTOR IN A SUPPORTING ROLE
William Hickey,William Hickey,ACTOR IN A SUPPORTING ROLE
William Holden,William Holden,ACTOR
William Holden,William Holden,ACTOR
William Holden,William Holden,ACTOR
William Hurt,William Hurt,ACTOR
William Hurt,William Hurt,ACTOR
William Hurt,William Hurt,ACTOR IN A SUPPORTING ROLE
William Hurt,William Hurt,ACTOR
William Powell,William Powell,ACTOR
William Powell,William Powell,ACTOR
William Powell,William Powell,ACTOR
William Wellman,William Wellman,DIRECTING
William Wellman,William Wellman,DIRECTING
William Wyler,William Wyler,DIRECTING
William Wyler,William Wyler,DIRECTING
William Wyler,William Wyler,DIRECTING
William Wyler,William Wyler,DIRECTING
William Wyler,William Wyler,DIRECTING
William Wyler,William Wyler,DIRECTING
William Wyler,William Wyler,DIRECTING
William Wyler,William Wyler,DIRECTING
William Wyler,William Wyler,DIRECTING
William Wyler,William Wyler,DIRECTING
William Wyler,William Wyler,DIRECTING
William Wyler,William Wyler,DIRECTING
Winona Ryder,Winona Ryder,ACTRESS
Winona Ryder,Winona Ryder,ACTRESS IN A SUPPORTING ROLE
Wolfgang Petersen,Wolfgang Petersen,DIRECTING
Woody Allen,Woody Allen,ACTOR
Woody Allen,Woody Allen,DIRECTING
Woody Allen,Woody Allen,DIRECTING
Woody Allen,Woody Allen,DIRECTING
Woody Allen,Woody Allen,DIRECTING
Woody Allen,Woody Allen,DIRECTING
Woody Allen,Woody Allen,DIRECTING
Woody Allen,Woody Allen,DIRECTING
Woody Harrelson,Woody Harrelson,ACTOR IN A SUPPORTING ROLE
Woody Harrelson,Woody Harrelson,ACTOR IN A SUPPORTING ROLE
Woody Harrelson,Woody Harrelson,ACTOR
Yalitza Aparicio,Yalitza Aparicio,ACTRESS
Yorgos Lanthimos,Yorgos Lanthimos,DIRECTING
Yul Brynner,Yul Brynner,ACTOR
